vname,,pos,team,season,g,comp,att,pyds,ptd,ptdr,py/a,intc, 
Tom,Brady,QB,NE,2012,16,401,637,4827,34,5.3,7.6,8,
Peyton,Manning,QB,DEN,2012,16,400,583,4659,37,6.3,8,11,
Andrew,Luck,QB,IND,2012,16,339,627,4374,23,3.6,7,18,
Carson,Palmer,QB,OAK,2012,15,345,565,4018,22,3.8,7.1,14,
Matt,Schaub,QB,HOU,2012,16,350,544,4008,22,4,7.4,12,
Joe,Flacco,QB,BAL,2012,16,317,531,3817,22,4.1,7.2,10,
Any,Dalton,QB,CIN,2012,16,329,528,3669,27,5.1,6.9,16,
Philip,Rivers,QB,SD,2012,16,338,527,3606,26,4.9,6.8,15,
Ryan,Fitzpatrick,QB,BUF,2012,16,306,505,3400,24,4.8,6.7,16,
Brandon,Weeden,QB,CLE,2012,15,297,517,3385,14,2.7,6.5,17,
Ryan,Tannehill,QB,MIA,2012,16,282,484,3294,12,2.5,6.8,13,
Ben,Roethlisberger,QB,PIT,2012,13,284,449,3265,26,5.8,7.3,8,
Mark,Sanchez,QB,NYJ,2012,15,246,453,2883,13,2.9,6.4,18,
Jake,Locker,QB,TEN,2012,11,177,314,2176,10,3.2,6.9,11,
Chad,Henne,QB,JAC,2012,10,166,308,2084,11,3.6,6.8,11,
Matt,Cassel,QB,KC,2012,9,161,277,1796,6,2.2,6.5,12,
Blaine,Gabbert,QB,JAC,2012,10,162,278,1662,9,3.2,6,6,
Matt,Hasselbeck,QB,TEN,2012,8,138,221,1367,7,3.2,6.2,5,
Brady,Quinn,QB,KC,2012,10,112,197,1141,2,1,5.8,8,
Drew,Brees,QB,NO,2012,16,422,670,5177,43,6.4,7.7,19,
Matthew,Stafford,QB,DET,2012,16,435,727,4967,20,2.8,6.8,17,
Tony,Romo,QB,DAL,2012,16,425,648,4903,28,4.3,7.6,19,
Matt,Ryan,QB,ATL,2012,16,422,615,4719,32,5.2,7.7,14,
Aaron,Rodgers,QB,GB,2012,16,371,552,4295,39,7.1,7.8,8,
Josh,Freeman,QB,TB,2012,16,306,558,4065,27,4.8,7.3,17,
Eli,Manning,QB,NYG,2012,16,321,536,3948,26,4.9,7.4,15,
Cam,Newton,QB,CAR,2012,16,280,485,3869,19,3.9,8,12,
Sam,Bradford,QB,STL,2012,16,328,551,3702,21,3.8,6.7,13,
Robert,Griffin III,QB,WAS,2012,15,258,393,3200,20,5.1,8.1,5, 
Russell,Wilson,QB,SEA,2012,16,252,393,3118,26,6.6,7.9,10,
Jay,Cutler,QB,CHI,2012,15,255,434,3033,19,4.4,7,14,
Christian,Ponder,QB,MIN,2012,16,300,483,2935,18,3.7,6.1,12,
Michael,Vick,QB,PHI,2012,10,204,351,2362,12,3.4,6.7,10,
Colin,Kaepernick,QB,SF,2012,13,136,218,1814,10,4.6,8.3,3,
Alex,Smith,QB,SF,2012,10,153,218,1737,13,6,8,5,
Nick,Foles,QB,PHI,2012,7,161,265,1699,6,3.4,6.4,5,
Kevin,Kolb,QB,ARI,2012,6,109,183,1169,8,4.4,6.4,3,
John,Skelton,QB,ARI,2012,7,109,201,1132,2,1,5.6,9,
Ryan,Lindley,QB,ARI,2012,6,89,171,752,0,0,4.4,7,
Kirk,Cousins,QB,WAS,2012,3,33,48,466,4,8.3,9.7,3,
Drew,Brees,QB,NO,2011,16,468,657,5476,46,7,8.3,14,
Tom,Brady,QB,NE,2011,16,401,611,5235,39,6.4,8.6,12,
Matthew,Stafford,QB,DET,2011,16,421,663,5038,41,6.2,7.6,16,
Eli,Manning,QB,NYG,2011,16,359,589,4933,29,4.9,8.4,16,
Aaron,Rodgers,QB,GB,2011,15,343,502,4643,45,9,9.2,6,
Philip,Rivers,QB,SD,2011,16,366,582,4624,27,4.6,7.9,20,
Tony,Romo,QB,DAL,2011,16,346,522,4184,31,5.9,8,10,
Matt,Ryan,QB,ATL,2011,16,347,566,4177,29,5.1,7.4,12,
Ben,Roethlisberger,QB,PIT,2011,15,324,513,4077,21,4.1,7.9,14,
Cam,Newton,QB,CAR,2011,16,310,517,4051,21,4.1,7.8,17,
Ryan,Fitzpatrick,QB,BUF,2011,16,353,569,3821,24,4.2,6.7,23,
Joe,Flacco,QB,BAL,2011,16,312,542,3610,20,3.7,6.7,12,
Josh,Freeman,QB,TB,2011,15,346,551,3592,16,2.9,6.5,22,
Matt,Hasselbeck,QB,TEN,2011,16,319,518,3571,18,3.5,6.9,14,
Mark,Sanchez,QB,NYJ,2011,16,308,543,3474,26,4.8,6.4,18,
Andy,Dalton,QB,CIN,2011,16,300,516,3398,20,3.9,6.6,13,
Michael,Vick,QB,PHI,2011,13,253,423,3303,18,4.3,7.8,14,
Rex,Grossman,QB,WAS,2011,13,265,458,3151,16,3.5,6.9,20,
Alex,Smith,QB,SF,2011,16,273,445,3144,17,3.8,7.1,5,
Tarvaris,Jackson,QB,SEA,2011,15,271,450,3091,14,3.1,6.9,13,
Carson,Palmer,QB,OAK,2011,10,199,328,2753,13,7,8.4,16,
Colt,McCoy,QB,CLE,2011,13,265,463,2733,14,3,5.9,11,
Matt,Moore,QB,MIA,2011,13,210,347,2497,16,4.6,7.2,9,
Matt,Schaub,QB,HOU,2011,10,178,292,2479,15,5.1,8.5,6,
Jay,Cutler,QB,CHI,2011,10,182,314,2319,13,4.1,7.4,7,
Blaine,Gabbert,QB,JAC,2011,15,210,413,2214,12,2.9,5.4,11,
Sam,Bradford,QB,STL,2011,10,191,357,2164,6,1.7,6.1,6,
Kevin,Kolb,QB,ARI,2011,9,146,253,1955,9,3.6,7.7,8,
John,Skelton,QB,ARI,2011,8,151,275,1913,11,4,7,14,
Christian,Ponder,QB,MIN,2011,11,158,291,1853,13,4.5,6.4,13,
Tim,Tebow,QB,DEN,2011,14,126,271,1729,12,4.4,6.4,6,
Matt,Cassel,QB,KC,2011,9,160,269,1713,10,3.7,6.4,9,
Curtis,Painter,QB,IND,2011,9,132,243,1541,6,2.5,6.3,9,
Dan,Orlovsky,QB,IND,2011,8,122,193,1201,6,3.1,6.2,4,
Dan,Marino,QB,MIA,1984,16,362,564,5084,48,8.5,9,17,
Drew,Brees,QB,NO,2008,16,413,635,5069,34,5.4,8,17,
Kurt,Warner,QB,STL,2001,16,375,546,4830,36,6.6,8.8,22,
Tom,Brady,QB,NE,2007,16,398,578,4806,50,8.7,8.3,8,
Dan,Fouts,QB,SD,1981,16,360,609,4802,33,5.4,7.9,17,
Matt,Schaub,QB,HOU,2009,16,396,583,4770,29,5,8.2,15,
Dan,Marino,QB,MIA,1986,16,378,623,4746,44,7.1,7.6,23,
Daunte,Culpepper,QB,MIN,2004,16,379,548,4717,39,7.1,8.6,11,
Dan,Fouts,QB,SD,1980,16,348,589,4715,30,5.1,8,24,
Philip,Rivers,QB,SD,2010,16,357,541,4710,30,5.5,8.7,13,
Peyton,Manning,QB,IND,2010,16,450,679,4700,33,4.9,6.9,17,
Warren,Moon,QB,TEN,1991,16,404,655,4690,23,3.5,7.2,21,
Rich,Gannon,QB,OAK,2002,16,418,618,4689,26,4.2,7.6,10,
Warren,Moon,QB,TEN,1990,15,362,584,4689,33,5.7,8,13,
Drew,Brees,QB,NO,2010,16,448,658,4620,33,5,7,22,
Neil,Lomax,QB,ARI,1984,16,345,560,4614,28,5,8.2,16,
Trent,Green,QB,KC,2004,16,369,556,4591,27,4.9,8.3,17,
Kurt,Warner,QB,ARI,2008,16,401,598,4583,30,5,7.7,14,
Peyton,Manning,QB,IND,2004,16,336,497,4557,49,9.9,9.2,10,
Drew,Bledsoe,QB,NE,1994,16,400,691,4555,25,3.6,6.6,27,
Jay,Cutler,QB,DEN,2008,16,384,616,4526,25,4.1,7.3,18,
Peyton,Manning,QB,IND,2009,16,393,571,4500,33,5.8,7.9,16,
Tony,Romo,QB,DAL,2009,16,347,550,4483,26,4.7,8.2,9,
Lynn,Dickey,QB,GB,1983,16,289,484,4458,32,6.6,9.2,29,
Dan,Marino,QB,MIA,1994,16,385,615,4453,30,4.9,7.2,17,
Steve,Beuerlein,QB,CAR,1999,16,343,571,4436,36,6.3,7.8,15,
Aaron,Rodgers,QB,GB,2009,16,350,541,4434,30,5.5,8.2,7,
Dan,Marino,QB,MIA,1988,16,354,606,4434,28,4.6,7.3,23,
Drew,Brees,QB,NO,2007,16,440,652,4423,28,4.3,6.8,18,
Drew,Brees,QB,NO,2006,16,356,554,4418,26,4.7,8,11,
Peyton,Manning,QB,IND,2000,16,357,571,4413,33,5.8,7.7,15,
Brett,Favre,QB,GB,1995,16,359,570,4413,38,6.7,7.7,13,
Tom,Brady,QB,NE,2009,16,371,565,4398,28,5,7.8,13,
Peyton,Manning,QB,IND,2006,16,362,557,4397,31,5.6,7.9,9,
Drew,Brees,QB,NO,2009,15,363,514,4388,34,6.6,8.5,11,
Matt,Schaub,QB,HOU,2010,16,365,574,4370,24,4.2,7.6,12,
Mark,Brunell,QB,JAX,1996,16,353,557,4367,19,3.4,7.8,20,
Drew,Bledsoe,QB,BUF,2002,16,375,610,4359,24,3.9,7.1,15,
Kurt,Warner,QB,STL,1999,16,325,499,4353,41,8.2,8.7,13,
Bill,Kenney,QB,KC,1983,16,346,603,4348,24,4,7.2,18,
Scott,Mitchell,QB,DET,1995,16,346,583,4338,32,5.5,7.4,12,
Ben,Roethlisberger,QB,PIT,2009,15,337,506,4328,26,5.1,8.6,12,
Don,Majkowski,QB,GB,1989,16,353,599,4318,27,4.5,7.2,20,
Jim,Everett,QB,STL,1989,16,304,518,4310,29,5.6,8.3,17,
Marc,Bulger,QB,STL,2006,16,370,588,4301,24,4.1,7.3,8,
Jeff,Garcia,QB,SF,2000,16,355,561,4278,31,5.5,7.6,10,
Peyton,Manning,QB,IND,2003,16,379,566,4267,29,5.1,7.5,10,
Warren,Moon,QB,MIN,1994,15,371,601,4264,18,3,7.1,19,
Philip,Rivers,QB,SD,2009,16,317,486,4254,28,5.8,8.8,9,
Warren,Moon,QB,MIN,1995,16,377,606,4228,33,5.4,7,14,
Brett,Favre,QB,GB,1998,16,347,551,4212,31,5.6,7.6,23,
Tony,Romo,QB,DAL,2007,16,335,520,4211,36,6.9,8.1,19,
Jon,Kitna,QB,DET,2006,16,372,596,4208,21,3.5,7.1,22,
Brett,Favre,QB,MIN,2009,16,363,531,4202,33,6.2,7.9,7,
Peyton,Manning,QB,IND,2002,16,392,591,4200,27,4.6,7.1,19,
Vinny,Testaverde,QB,BAL,1996,16,325,549,4177,33,6,7.6,19,
Steve,Young,QB,SF,1998,15,322,517,4170,36,7,8.1,12,
Elvis,Grbac,QB,KC,2000,15,326,547,4169,28,5.1,7.6,14,
Brett,Favre,QB,GB,2007,16,356,535,4155,28,5.2,7.8,15,
Jeff,George,QB,ATL,1995,16,336,557,4143,24,4.3,7.4,11,
Dan,Marino,QB,MIA,1985,16,336,567,4137,30,5.3,7.3,21,
Peyton,Manning,QB,IND,1999,16,331,533,4135,26,4.9,7.8,15,
Brian,Sipe,QB,CLE,1980,16,337,554,4132,30,5.4,7.5,14,
Carson,Palmer,QB,CIN,2007,16,373,575,4131,26,4.5,7.2,20,
Peyton,Manning,QB,IND,2001,16,343,547,4131,26,4.8,7.6,23,
Dan,Marino,QB,MIA,1992,16,330,554,4116,24,4.3,7.4,16,
Tom,Brady,QB,NE,2005,16,334,530,4110,26,4.9,7.8,14,
Jay,Schroeder,QB,WAS,1986,16,276,541,4109,22,4.1,7.6,22,
Brett,Favre,QB,GB,1999,16,341,595,4091,22,3.7,6.9,23,
Jake,Plummer,QB,DEN,2004,16,303,521,4089,27,5.2,7.8,20,
Brett,Favre,QB,GB,2004,16,346,540,4088,30,5.6,7.6,17,
Drew,Bledsoe,QB,NE,1996,16,373,623,4086,27,4.3,6.6,15,
Dan,Fouts,QB,SD,1979,16,332,530,4082,24,4.5,7.7,24,
Kerry,Collins,QB,NYG,2002,16,335,545,4073,19,3.5,7.5,14,
Jon,Kitna,QB,DET,2007,16,355,561,4068,18,3.2,7.3,20,
Phil,Simms,QB,NYG,1984,16,286,533,4044,22,4.1,7.6,18,
Peyton,Manning,QB,IND,2007,16,337,515,4040,31,6,7.8,14,
Trent,Green,QB,KC,2003,16,330,523,4039,24,4.6,7.7,12,
Aaron,Rodgers,QB,GB,2008,16,341,536,4038,28,5.2,7.5,13,
Carson,Palmer,QB,CIN,2006,16,324,520,4035,28,5.4,7.8,13,
John,Elway,QB,DEN,1993,16,348,551,4030,25,4.5,7.3,10,
Steve,Young,QB,SF,1993,16,314,462,4023,29,6.3,8.7,16,
Eli,Manning,QB,NYG,2009,16,317,509,4021,27,5.3,7.9,14,
Trent,Green,QB,KC,2005,16,317,507,4014,17,3.4,7.9,10,
Philip,Rivers,QB,SD,2008,16,312,478,4009,34,7.1,8.4,11,
Joe,Namath,QB,NYJ,1967,14,258,491,4007,26,5.3,8.2,28,
Brad,Johnson,QB,WAS,1999,16,316,519,4005,24,4.6,7.7,13,
Eli,Manning,QB,NYG,2010,16,339,539,4002,31,5.8,7.4,25,
Peyton,Manning,QB,IND,2008,16,371,555,4002,27,4.9,7.2,12,
Dan,Marino,QB,MIA,1989,16,308,550,3997,24,4.4,7.3,22,
Jim,Everett,QB,STL,1990,16,307,554,3989,23,4.2,7.2,17,
Drew,Bledsoe,QB,NE,1999,16,305,539,3985,19,3.5,7.4,21,
Danny,White,QB,DAL,1983,16,334,533,3980,29,5.4,7.5,23,
Carson,Palmer,QB,CIN,2010,16,362,586,3970,26,4.4,6.8,20,
John,Elway,QB,DEN,1995,16,316,542,3970,26,4.8,7.3,14,
Jim,Everett,QB,NO,1995,16,345,567,3970,26,4.6,7,14,
Dan,Marino,QB,MIA,1991,16,318,549,3970,25,4.6,7.2,13,
Steve,Young,QB,SF,1994,16,324,461,3969,35,7.6,8.6,10,
Matt,Hasselbeck,QB,SEA,2007,16,352,562,3966,28,5,7.1,12,
Marc,Bulger,QB,STL,2004,14,321,485,3964,21,4.3,8.2,14,
Jim,Everett,QB,STL,1988,16,308,517,3964,31,6,7.7,18,
Boomer,Esiason,QB,CIN,1986,16,273,469,3959,24,5.1,8.4,17,
Joe,Montana,QB,SF,1990,15,321,520,3944,26,5,7.6,16,
Daunte,Culpepper,QB,MIN,2000,16,297,474,3937,33,7,8.3,16,
Aaron,Rodgers,QB,GB,2010,15,312,475,3922,28,5.9,8.3,11,
Brett,Favre,QB,GB,2001,16,314,510,3921,32,6.3,7.7,15,
Jeff,George,QB,OAK,1997,16,290,521,3917,29,5.6,7.5,9,
Donovan,McNabb,QB,PHI,2008,16,345,571,3916,23,4,6.9,11,
Tommy,Kramer,QB,MIN,1981,14,322,593,3912,26,4.4,6.6,24,
Joe,Montana,QB,SF,1983,16,332,515,3910,26,5,7.6,12,
Tom,Brady,QB,NE,2010,16,324,492,3900,36,7.3,7.9,4,
Brett,Favre,QB,GB,1996,16,325,543,3899,39,7.2,7.2,13,
John,Elway,QB,DEN,1985,16,327,605,3891,22,3.6,6.4,23,
Ken,O'Brien,QB,NYJ,1985,16,297,488,3888,25,5.1,8,8,
Jake,Delhomme,QB,CAR,2004,16,310,533,3886,29,5.4,7.3,15,
Brett,Favre,QB,GB,2006,16,343,613,3885,18,2.9,6.3,18,
Brett,Favre,QB,GB,1994,16,363,582,3882,33,5.7,6.7,14,
Brett,Favre,QB,GB,2005,16,372,607,3881,20,3.3,6.4,29,
Brian,Sipe,QB,CLE,1981,16,313,567,3876,17,3,6.8,25,
Donovan,McNabb,QB,PHI,2004,15,300,469,3875,31,6.6,8.3,8,
Brett,Favre,QB,GB,1997,16,304,513,3867,35,6.8,7.5,16,
Jim,Everett,QB,NO,1994,16,346,540,3855,22,4.1,7.1,18,
Bernie,Kosar,QB,CLE,1986,16,310,531,3854,17,3.2,7.3,10,
Daunte,Culpepper,QB,MIN,2002,16,333,549,3853,18,3.3,7,23,
Marc,Bulger,QB,STL,2003,15,336,532,3845,22,4.1,7.2,22,
Jim,Kelly,QB,BUF,1991,15,304,474,3844,33,7,8.1,17,
Matt,Hasselbeck,QB,SEA,2003,16,313,513,3841,26,5.1,7.5,15,
Rich,Gannon,QB,OAK,1999,16,304,515,3840,24,4.7,7.5,14,
Erik,Kramer,QB,CHI,1995,16,315,522,3838,29,5.6,7.4,10,
Carson,Palmer,QB,CIN,2005,16,345,509,3836,32,6.3,7.5,12,
Aaron,Brooks,QB,NO,2001,16,312,558,3832,26,4.7,6.9,22,
Phil,Simms,QB,NYG,1985,16,275,495,3829,22,4.4,7.7,20,
Steve,Bartkowski,QB,ATL,1981,16,297,533,3829,30,5.6,7.2,23,
Rich,Gannon,QB,OAK,2001,16,361,549,3828,27,4.9,7,9,
Jeff,Blake,QB,CIN,1995,16,326,567,3822,28,4.9,6.7,17,
Brett,Favre,QB,GB,2000,16,338,580,3812,20,3.4,6.6,16,
Brad,Johnson,QB,TB,2003,16,354,570,3811,26,4.6,6.7,21,
Aaron,Brooks,QB,NO,2004,16,309,542,3810,21,3.9,7,16,
Randall,Cunningham,QB,PHI,1988,16,301,560,3808,24,4.3,6.8,16,
Kyle,Orton,QB,DEN,2009,16,336,541,3802,21,3.9,7,12,
Brian,Sipe,QB,CLE,1979,16,286,535,3793,28,5.2,7.1,26,
Derek,Anderson,QB,CLE,2007,16,298,527,3787,29,5.5,7.2,19,
Trent,Green,QB,KC,2001,16,296,523,3783,17,3.3,7.2,24,
Dan,Marino,QB,MIA,1997,16,319,548,3780,16,2.9,6.9,11,
Mark,Rypien,QB,WAS,1989,14,280,476,3768,22,4.6,7.9,13,
Tom,Brady,QB,NE,2002,16,373,601,3764,28,4.7,6.3,14,
Kerry,Collins,QB,NYG,2001,16,327,568,3764,19,3.3,6.6,16,
Eli,Manning,QB,NYG,2005,16,294,557,3762,24,4.3,6.8,17,
Kerry,Collins,QB,OAK,2005,15,302,565,3759,20,3.5,6.7,12,
Ken,Anderson,QB,CIN,1981,16,300,479,3754,29,6.1,7.8,10,
Kurt,Warner,QB,ARI,2009,15,339,513,3753,26,5.1,7.3,14,
Peyton,Manning,QB,IND,2005,16,305,453,3747,28,6.2,8.3,10,
Sonny,Jurgensen,QB,WAS,1967,14,288,508,3747,31,6.1,7.4,16,
Dan,Fouts,QB,SD,1984,13,317,507,3740,19,3.7,7.4,17,
Peyton,Manning,QB,IND,1998,16,326,575,3739,26,4.5,6.5,28,
Jake,Plummer,QB,ARI,1998,16,324,547,3737,17,3.1,6.8,20,
Jeff,George,QB,ATL,1994,16,322,524,3734,23,4.4,7.1,18,
Vinny,Testaverde,QB,NYJ,2000,16,328,590,3732,21,3.6,6.3,25,
Steve,Beuerlein,QB,CAR,2000,16,324,533,3730,19,3.6,7,18,
Terry,Bradshaw,QB,PIT,1979,16,259,472,3724,26,5.5,7.9,25,
Sonny,Jurgensen,QB,PHI,1961,14,235,416,3723,32,7.7,8.9,24,
Archie,Manning,QB,NO,1980,16,309,509,3716,23,4.5,7.3,20,
Joe,Theismann,QB,WAS,1983,16,276,459,3714,29,6.3,8.1,11,
Drew,Bledsoe,QB,NE,1997,16,314,522,3706,28,5.4,7.1,15,
Matt,Ryan,QB,ATL,2010,16,357,571,3705,28,4.9,6.5,9,
Randall,Cunningham,QB,MIN,1998,15,259,425,3704,34,8,8.7,10,
Matt,Cassel,QB,NE,2008,16,327,516,3693,21,4.1,7.2,11,
Tom,Brady,QB,NE,2004,16,288,474,3692,28,5.9,7.8,14,
Trent,Green,QB,KC,2002,16,287,470,3690,26,5.5,7.9,13,
Ken,O'Brien,QB,NYJ,1986,15,300,482,3690,25,5.2,7.7,20,
Warren,Moon,QB,SEA,1997,15,313,528,3678,25,4.7,7,16,
Dave,Krieg,QB,SEA,1984,16,276,480,3671,32,6.7,7.6,24,
Dan,Marino,QB,MIA,1995,14,309,482,3668,24,5,7.6,15,
Jay,Cutler,QB,CHI,2009,16,336,555,3666,27,4.9,6.6,26,
Jim,Zorn,QB,SEA,1979,16,285,505,3661,20,4,7.2,18,
Brett,Favre,QB,GB,2002,16,341,551,3658,27,4.9,6.6,16,
Kyle,Orton,QB,DEN,2010,13,293,498,3653,20,4,7.3,9,
Chad,Pennington,QB,MIA,2008,16,321,476,3653,19,4,7.7,7,
Jake,Plummer,QB,ARI,2001,16,304,525,3653,18,3.4,7,14,
Joe,Montana,QB,SF,1985,15,303,494,3653,27,5.5,7.4,13,
Joe,Ferguson,QB,BUF,1981,16,252,498,3652,24,4.8,7.3,20,
Steve,DeBerg,QB,SF,1979,16,347,578,3652,17,2.9,6.3,21,
Mark,Brunell,QB,JAX,2000,16,311,512,3640,20,3.9,7.1,14,
Drew,Bledsoe,QB,DAL,2005,16,300,499,3639,23,4.6,7.3,17,
Dan,Fouts,QB,SD,1985,14,254,430,3638,27,6.3,8.5,20,
John,Elway,QB,DEN,1997,16,280,502,3635,27,5.4,7.2,11,
Drew,Bledsoe,QB,NE,1998,14,263,481,3633,20,4.2,7.6,14,
Warren,Moon,QB,TEN,1989,16,280,464,3631,23,5,7.8,14,
Joe,Montana,QB,SF,1984,16,279,432,3630,28,6.5,8.4,10,
Jeff,Blake,QB,CIN,1996,16,308,549,3624,24,4.4,6.6,14,
Joe,Flacco,QB,BAL,2010,16,306,489,3622,25,5.1,7.4,10,
David,Garrard,QB,JAX,2008,16,335,535,3620,15,2.8,6.8,13,
Tom,Brady,QB,NE,2003,16,317,527,3620,23,4.4,6.9,12,
Jason,Campbell,QB,WAS,2009,16,327,507,3618,20,3.9,7.1,15,
Ken,Stabler,QB,OAK,1979,16,304,498,3615,26,5.2,7.3,22,
Joe,Flacco,QB,BAL,2009,16,315,499,3613,21,4.2,7.2,12,
Kerry,Collins,QB,NYG,2000,16,311,529,3610,22,4.2,6.8,13,
Dave,Krieg,QB,SEA,1985,16,285,532,3602,27,5.1,6.8,20,
David,Garrard,QB,JAX,2009,16,314,516,3597,15,2.9,7,10,
Jim,Kelly,QB,BUF,1986,16,285,480,3593,22,4.6,7.5,17,
Jon,Kitna,QB,CIN,2003,16,324,520,3591,26,5,6.9,15,
Roger,Staubach,QB,DAL,1979,16,267,461,3586,27,5.9,7.8,11,
Tommy,Kramer,QB,MIN,1980,15,299,522,3582,19,3.6,6.9,23,
Drew,Brees,QB,SD,2005,16,323,500,3576,24,4.8,7.2,15,
Aaron,Brooks,QB,NO,2002,16,283,528,3572,27,5.1,6.8,15,
Boomer,Esiason,QB,CIN,1988,16,223,388,3572,28,7.2,9.2,14,
Joe,Ferguson,QB,BUF,1979,16,238,458,3572,14,3.1,7.8,15,
Joe,Theismann,QB,WAS,1981,16,293,496,3568,19,3.8,7.2,20,
Brian,Sipe,QB,CLE,1983,15,291,496,3566,26,5.2,7.2,23,
Joe,Montana,QB,SF,1981,16,311,488,3565,19,3.9,7.3,12,
Mark,Rypien,QB,WAS,1991,16,249,421,3564,28,6.7,8.5,11,
Dan,Marino,QB,MIA,1990,16,306,531,3563,21,4,6.7,11,
Doug,Williams,QB,TB,1981,16,238,471,3563,19,4,7.6,14,
Dave,Krieg,QB,ARI,1995,16,304,521,3554,16,3.1,6.8,21,
Steve,DeBerg,QB,TB,1984,16,308,509,3554,19,3.7,7,18,
Donovan,McNabb,QB,PHI,2009,14,267,443,3553,22,5,8,10,
Aaron,Brooks,QB,NO,2003,16,306,518,3546,24,4.6,6.8,8,
Steve,Bartkowski,QB,ATL,1980,16,257,463,3544,31,6.7,7.7,16,
Jeff,Garcia,QB,SF,2001,16,316,504,3538,32,6.3,7,12,
Bernie,Kosar,QB,CLE,1989,16,303,513,3533,18,3.5,6.9,14,
Vinny,Testaverde,QB,DAL,2004,16,297,495,3532,17,3.4,7.1,20,
David,Carr,QB,HOU,2004,16,285,466,3531,16,3.4,7.6,14,
Tom,Brady,QB,NE,2006,16,319,516,3529,24,4.7,6.8,12,
Lynn,Dickey,QB,GB,1980,16,278,478,3529,15,3.1,7.4,25,
Ron,Jaworski,QB,PHI,1980,16,257,451,3529,27,6,7.8,12,
John,Elway,QB,DEN,1990,16,294,502,3526,15,3,7,14,
Boomer,Esiason,QB,CIN,1989,16,258,455,3525,28,6.2,7.7,11,
Tommy,Kramer,QB,MIN,1985,15,277,506,3522,19,3.8,7,26,
Joe,Montana,QB,SF,1989,13,271,386,3521,26,6.7,9.1,8,
Ben,Roethlisberger,QB,PIT,2006,15,280,469,3513,18,3.8,7.5,23,
Sam,Bradford,QB,STL,2010,16,354,590,3512,18,3.1,6,15,
Drew,Bledsoe,QB,NE,1995,15,323,636,3507,13,2,5.5,16,
Jay,Cutler,QB,DEN,2007,16,297,467,3497,20,4.3,7.5,14,
Dan,Marino,QB,MIA,1998,16,310,537,3497,23,4.3,6.5,15,
Kerry,Collins,QB,OAK,2004,14,289,513,3495,21,4.1,6.8,20,
John,Elway,QB,DEN,1994,14,307,494,3490,16,3.2,7.1,10,
Warren,Moon,QB,TEN,1986,15,256,488,3489,13,2.7,7.1,26,
Bernie,Kosar,QB,CLE,1991,16,307,494,3487,18,3.6,7.1,9,
Phil,Simms,QB,NYG,1986,16,259,468,3487,21,4.5,7.5,22,
Warren,Moon,QB,TEN,1993,15,303,520,3485,21,4,6.7,21,
John,Elway,QB,DEN,1986,16,280,504,3485,19,3.8,6.9,13,
Scott,Mitchell,QB,DET,1997,16,293,509,3484,19,3.7,6.8,14,
Johnny,Unitas,QB,BAL,1963,14,237,410,3481,20,4.9,8.5,12,
Daunte,Culpepper,QB,MIN,2003,14,295,454,3479,25,5.5,7.7,11,
Richard,Todd,QB,NYJ,1983,16,308,518,3478,18,3.5,6.7,26,
John,Hadl,QB,SD,1968,14,208,440,3473,27,6.1,7.9,32,
Brett,Favre,QB,NYJ,2008,16,343,522,3472,22,4.2,6.7,22,
Paul,McDonald,QB,CLE,1984,16,271,493,3472,14,2.8,7,23,
Fran,Tarkenton,QB,MIN,1978,16,345,572,3468,25,4.4,6.1,32,
Randall,Cunningham,QB,PHI,1990,16,271,465,3466,30,6.5,7.5,13,
Steve,Young,QB,SF,1992,16,268,402,3465,25,6.2,8.6,7,
Babe,Parilli,QB,BOS,1964,14,228,473,3465,31,6.6,7.3,27,
Doug,Flutie,QB,SD,2001,16,294,521,3464,15,2.9,6.6,18,
Matt,Hasselbeck,QB,SEA,2005,16,294,449,3459,24,5.3,7.7,9,
Chris,Miller,QB,ATL,1989,15,280,526,3459,16,3,6.6,10,
Jim,Kelly,QB,BUF,1992,16,269,462,3457,23,5,7.5,19,
Gus,Frerotte,QB,WAS,1996,16,270,470,3453,12,2.6,7.3,11,
Josh,Freeman,QB,TB,2010,16,291,474,3451,25,5.3,7.3,6,
Ron,Jaworski,QB,PHI,1985,16,255,484,3450,17,3.5,7.1,20,
Tony,Romo,QB,DAL,2008,13,276,450,3448,26,5.8,7.7,14,
Troy,Aikman,QB,DAL,1992,16,302,473,3445,23,4.9,7.3,14,
Steve,DeBerg,QB,KC,1990,16,258,444,3444,23,5.2,7.8,4,
Boomer,Esiason,QB,CIN,1985,15,251,431,3443,27,6.3,8,12,
Trent,Green,QB,WAS,1998,15,278,509,3441,23,4.5,6.8,11,
Matt,Ryan,QB,ATL,2008,16,265,434,3440,16,3.7,7.9,11,
Jim,Everett,QB,STL,1991,16,277,490,3438,11,2.2,7,20,
Rich,Gannon,QB,OAK,2000,16,284,473,3430,28,5.9,7.3,11,
Kurt,Warner,QB,STL,2000,11,235,347,3429,21,6.1,9.9,18,
Johnny,Unitas,QB,BAL,1967,14,255,436,3428,20,4.6,7.9,16,
Jake,Delhomme,QB,CAR,2005,16,262,435,3421,24,5.5,7.9,16,
Boomer,Esiason,QB,NYJ,1993,16,288,473,3421,16,3.4,7.2,11,
Kurt,Warner,QB,ARI,2007,14,281,451,3417,27,6,7.6,17,
Archie,Manning,QB,NO,1978,16,291,471,3416,17,3.6,7.3,16,
Tommy,Maddox,QB,PIT,2003,16,298,519,3414,18,3.5,6.6,17,
Brad,Johnson,QB,TB,2001,16,340,559,3406,13,2.3,6.1,11,
Randall,Cunningham,QB,PHI,1989,16,290,532,3400,21,3.9,6.4,15,
Norm,Snead,QB,PHI,1967,14,240,434,3399,29,6.7,7.8,24,
Tommy,Kramer,QB,MIN,1979,16,315,566,3397,23,4.1,6,24,
Doug,Williams,QB,TB,1980,16,254,521,3396,20,3.8,6.5,16,
Neil,Lomax,QB,ARI,1988,14,255,443,3395,20,4.5,7.7,11,
Joe,Theismann,QB,WAS,1984,16,283,477,3391,24,5,7.1,13,
Elvis,Grbac,QB,KC,1999,16,294,499,3389,22,4.4,6.8,15,
Philip,Rivers,QB,SD,2006,16,284,460,3388,22,4.8,7.4,9,
Steve,McNair,QB,TEN,2002,16,301,492,3387,22,4.5,6.9,15,
Neil,Lomax,QB,ARI,1987,12,275,463,3387,24,5.2,7.3,12,
Matt,Hasselbeck,QB,SEA,2004,14,279,474,3382,22,4.6,7.1,15,
Jim,Kelly,QB,BUF,1993,16,288,470,3382,18,3.8,7.2,18,
Stan,Humphries,QB,SD,1995,15,282,478,3381,17,3.6,7.1,14,
Jim,Kelly,QB,BUF,1988,16,269,452,3380,15,3.3,7.5,17,
Joe,Namath,QB,NYJ,1966,14,232,471,3379,19,4,7.2,27,
Donovan,McNabb,QB,WAS,2010,13,275,472,3377,14,3,7.2,15,
Jake,Plummer,QB,DEN,2005,16,277,456,3366,18,3.9,7.4,7,
Donovan,McNabb,QB,PHI,2000,16,330,569,3365,21,3.7,5.9,13,
John,Hadl,QB,SD,1967,14,217,427,3365,24,5.6,7.9,22,
Brett,Favre,QB,GB,2003,16,308,471,3361,32,6.8,7.1,21,
Phil,Simms,QB,NYG,1988,15,263,479,3359,21,4.4,7,11,
Stan,Humphries,QB,SD,1992,16,263,454,3356,16,3.5,7.4,18,
Chad,Pennington,QB,NYJ,2006,16,313,485,3352,17,3.5,6.9,16,
Steve,McNair,QB,TEN,2001,15,264,431,3350,21,4.9,7.8,12,
Jon,Kitna,QB,SEA,1999,15,270,495,3346,23,4.6,6.8,16,
Danny,White,QB,DAL,1980,16,260,436,3287,28,6.4,7.5,25,
George,Blanda,QB,HOU,1964,14,262,505,3287,17,3.4,6.5,27,
Steve,Grogan,QB,NE,1979,16,206,423,3286,28,6.6,7.8,20,
Drew,Brees,QB,SD,2002,16,320,526,3284,17,3.2,6.2,16,
Troy,Aikman,QB,DAL,1997,16,292,518,3283,19,3.7,6.3,12,
Joe,Montana,QB,KC,1994,14,299,493,3283,16,3.2,6.7,9,
Jim,Zorn,QB,SEA,1978,16,248,443,3283,15,3.4,7.4,20,
Mark,Rypien,QB,WAS,1992,16,269,479,3282,13,2.7,6.9,17,
Mark,Brunell,QB,JAX,1997,14,264,435,3281,18,4.1,7.5,7,
Charley,Johnson,QB,STL,1963,14,222,423,3280,28,6.6,7.8,21,
Vince,Ferragamo,QB,RAM,1983,16,274,464,3276,22,4.7,7.1,23,
Jay,Cutler,QB,CHI,2010,15,261,432,3274,23,5.3,7.6,16,
Sonny,Jurgensen,QB,PHI,1962,14,196,366,3261,22,6,8.9,26,
Vinny,Testaverde,QB,NYJ,1998,14,259,421,3256,29,6.9,7.7,7,
Tony,Banks,QB,STL,1997,16,252,487,3254,14,2.9,6.7,13,
John,Elway,QB,DEN,1991,16,242,451,3253,13,2.9,7.2,12,
Randy,Wright,QB,GB,1986,16,263,492,3247,17,3.5,6.6,23,
Jason,Campbell,QB,WAS,2008,16,315,506,3245,13,2.6,6.4,6,
Dan,Marino,QB,MIA,1987,12,263,444,3245,26,5.9,7.3,13,
Daryle,Lamonica,QB,OAK,1968,13,206,416,3245,25,6,7.8,15,
Eli,Manning,QB,NYG,2006,16,301,522,3244,24,4.6,6.2,18,
Jeff,Hostetler,QB,OAK,1993,15,236,419,3242,14,3.3,7.7,10,
Vinny,Testaverde,QB,TB,1988,15,222,466,3240,13,2.8,7,35,
Eli,Manning,QB,NYG,2008,16,289,479,3238,21,4.4,6.8,10,
Donovan,McNabb,QB,PHI,2001,16,285,493,3233,25,5.1,6.6,12,
Richard,Todd,QB,NYJ,1981,16,279,497,3231,25,5,6.5,13,
Randall,Cunningham,QB,PHI,1994,14,265,490,3229,16,3.3,6.6,13,
Steve,McNair,QB,TEN,1998,16,289,492,3228,15,3,6.6,10,
Tony,Eason,QB,NE,1984,16,259,431,3228,23,5.3,7.5,8,
Daryle,Lamonica,QB,OAK,1967,14,220,425,3228,30,7.1,7.6,20,
Brett,Favre,QB,GB,1992,15,302,471,3227,18,3.8,6.9,13,
Y.A.,Tittle,QB,NYG,1962,14,200,375,3224,33,8.8,8.6,20,
Gary,Danielson,QB,DET,1980,16,244,417,3223,13,3.1,7.7,11,
Jake,Delhomme,QB,CAR,2003,16,266,449,3219,19,4.2,7.2,16,
Roman,Gabriel,QB,PHI,1973,14,270,460,3219,23,5,7,12,
Donovan,McNabb,QB,PHI,2003,16,275,478,3216,16,3.3,6.7,11,
Jon,Kitna,QB,CIN,2001,16,313,581,3216,12,2.1,5.5,22,
Steve,McNair,QB,TEN,2003,14,250,400,3215,24,6,8,7,
Brian,Griese,QB,DEN,2002,13,291,436,3214,15,3.4,7.4,15,
Neil,Lomax,QB,ARI,1985,16,265,471,3214,18,3.8,6.8,12,
Stan,Humphries,QB,SD,1994,15,264,453,3209,17,3.8,7.1,12,
Sonny,Jurgensen,QB,WAS,1966,14,254,436,3209,28,6.4,7.4,19,
Neil,O'Donnell,QB,PIT,1993,16,270,486,3208,14,2.9,6.6,7,
Ken,Stabler,QB,HOU,1980,16,293,457,3202,13,2.8,7,28,
Ben,Roethlisberger,QB,PIT,2010,12,240,389,3200,17,4.4,8.2,5,
Steve,Young,QB,SF,1995,11,299,447,3200,20,4.5,7.2,11,
Vince,Ferragamo,QB,RAM,1980,16,240,404,3199,30,7.4,7.9,19,
John,Elway,QB,DEN,1987,12,224,410,3198,19,4.6,7.8,12,
Lynn,Dickey,QB,GB,1984,15,237,401,3195,25,6.2,8,19,
Craig,Morton,QB,NYG,1981,15,225,376,3195,21,5.6,8.5,14,
Dave,Krieg,QB,SEA,1990,16,265,448,3194,15,3.3,7.1,20,
Rex,Grossman,QB,CHI,2006,16,262,480,3193,23,4.8,6.7,20,
Roger,Staubach,QB,DAL,1978,15,231,413,3190,25,6.1,7.7,16,
Jon,Kitna,QB,CIN,2002,14,294,473,3178,16,3.4,6.7,16,
Billy,Wade,QB,CHI,1962,14,225,412,3172,18,4.4,7.7,24,
Doug,Flutie,QB,BUF,1999,15,264,478,3171,19,4,6.6,16,
Archie,Manning,QB,NO,1979,16,252,420,3169,15,3.6,7.5,20,
Ken,Anderson,QB,CIN,1975,13,228,377,3169,21,5.6,8.4,11,
Steve,Bartkowski,QB,ATL,1983,14,274,432,3167,22,5.1,7.3,5,
Steve,Beuerlein,QB,ARI,1993,16,258,418,3164,18,4.3,7.6,17,
Steve,McNair,QB,TEN,2005,14,292,476,3161,16,3.4,6.6,11,
Drew,Brees,QB,SD,2004,15,262,400,3159,27,6.8,7.9,7,
Danny,White,QB,DAL,1985,14,267,450,3157,21,4.7,7,17,
Bobby,Hebert,QB,NO,1988,16,280,478,3156,20,4.2,6.6,15,
Ben,Roethlisberger,QB,PIT,2007,15,264,404,3154,32,7.9,7.8,11,
Chris,Chandler,QB,ATL,1998,14,190,327,3154,25,7.6,9.6,12,
Philip,Rivers,QB,Sd,2007,16,277,460,3152,21,4.6,6.9,15,
Bobby,Hebert,QB,ATL,1996,14,294,488,3152,22,4.5,6.5,25,
Joe,Namath,QB,NYJ,1968,14,187,380,3147,15,3.9,8.3,17,
Y.A.,Tittle,QB,NYG,1963,13,221,367,3145,36,9.8,8.6,14,
Steve,Pelluer,QB,DAL,1988,16,245,435,3139,17,3.9,7.2,19,
Bert,Jones,QB,BAL,1980,15,248,446,3134,23,5.2,7,21,
Vinny,Testaverde,QB,TB,1989,14,258,480,3133,20,4.2,6.5,22,
Jim,Kelly,QB,BUF,1995,15,255,458,3130,22,4.8,6.8,13,
Jim,Kelly,QB,BUF,1989,13,228,391,3130,25,6.4,8,18,
Troy,Aikman,QB,DAL,1996,15,296,465,3126,12,2.6,6.7,13,
Steve,Bono,QB,KC,1995,16,293,520,3121,21,4,6,10,
Jim,Harbaugh,QB,CHI,1991,16,275,478,3121,15,3.1,6.5,16,
Jim,Hart,QB,STL,1978,15,240,477,3121,16,3.4,6.5,18,
Chad,Pennington,QB,NYJ,2002,15,275,399,3120,22,5.5,7.8,6,
Matt,Cassel,QB,KC,2010,15,262,450,3116,27,6,6.9,7,
Dave,Krieg,QB,KC,1992,16,230,413,3115,15,3.6,7.5,12,
Jim,Kelly,QB,BUF,1994,14,285,448,3114,22,4.9,7,17,
John,Brodie,QB,SF,1965,13,242,391,3112,30,7.7,8,16,
Kerry,Collins,QB,NYG,2003,13,284,500,3110,13,2.6,6.2,16,
Kordell,Stewart,QB,PIT,2001,16,266,442,3109,14,3.2,7,11,
Bert,Jones,QB,BAL,1976,14,207,343,3104,24,7,9,9,
Chris,Miller,QB,ATL,1991,15,220,413,3103,26,6.3,7.5,18,
Sonny,Jurgensen,QB,WAS,1969,14,274,442,3102,22,5,7,15,
Troy,Aikman,QB,DAL,1993,14,271,392,3100,15,3.8,7.9,6,
Johnny,Unitas,QB,BAL,1960,12,190,378,3099,25,6.6,8.2,24,
Timm,Rosenbach,QB,ARI,1990,16,237,437,3098,16,3.7,7.1,17,
Danny,White,QB,DAL,1981,16,223,391,3098,22,5.6,7.9,13,
Ron,Jaworski,QB,PHI,1981,16,250,461,3095,23,5,6.7,20,
Carson,Palmer,QB,CIN,2009,16,282,466,3094,21,4.5,6.6,13,
Bert,Jones,QB,BAL,1981,15,244,426,3094,21,4.9,7.3,20,
Fran,Tarkenton,QB,NYG,1967,14,204,377,3088,29,7.7,8.2,19,
Gary,Danielson,QB,DET,1984,15,252,410,3076,17,4.1,7.5,15,
Matt,Hasselbeck,QB,SEA,2002,16,267,419,3075,15,3.6,7.3,10,
John,Hadl,QB,SD,1971,14,233,431,3075,21,4.9,7.1,25,
Hugh,Millen,QB,NE,1991,13,246,409,3073,9,2.2,7.5,18,
Phil,Simms,QB,NYG,1989,15,228,405,3061,14,3.5,7.6,14,
Mark,Brunell,QB,JAX,1999,15,259,441,3060,14,3.2,6.9,9,
Craig,Erickson,QB,TB,1993,16,233,457,3054,18,3.9,6.7,21,
Joe,Montana,QB,SF,1987,13,266,398,3054,31,7.8,7.7,13,
J.P.,Losman,QB,BUF,2006,16,268,429,3051,19,4.4,7.1,14,
John,Elway,QB,DEN,1989,15,223,416,3051,18,4.3,7.3,18,
Steve,McNair,QB,BAL,2006,16,295,468,3050,16,3.4,6.5,12,
Mark,Brunell,QB,WAS,2005,16,262,454,3050,23,5.1,6.7,10,
Brad,Johnson,QB,TB,2002,13,281,451,3049,22,4.9,6.8,6,
Joey,Harrington,QB,DET,2004,16,274,489,3047,19,3.9,6.2,12,
Charley,Johnson,QB,STL,1964,14,223,420,3045,21,5,7.3,24,
Matt,Schaub,QB,HOU,2008,11,251,380,3043,15,3.9,8,10,
Norm,Snead,QB,WAS,1963,14,175,363,3043,13,3.6,8.4,27,
Tim,Couch,QB,CLE,2001,16,272,454,3040,17,3.7,6.7,21, 
Phil,Simms,QB,NYG,1993,16,247,400,3038,15,3.8,7.6,9,
Frank,Tripucka,QB,DEN,1960,14,248,478,3038,24,5,6.4,34,
Brad,Johnson,QB,MIN,1997,13,275,452,3036,20,4.4,6.7,12,
Elvis,Grbac,QB,BAL,2001,14,265,467,3033,15,3.2,6.5,18,
Bernie,Kosar,QB,CLE,1987,12,241,389,3033,22,5.7,7.8,9,
Brian,Griese,QB,DEN,1999,14,261,452,3032,14,3.1,6.7,14,
Boomer,Esiason,QB,CIN,1990,16,224,402,3031,24,6,7.5,22,
Dan,Fouts,QB,SD,1986,12,252,430,3031,16,3.7,7,22,
Matt,Hasselbeck,QB,SEA,2009,14,293,488,3029,17,3.5,6.2,17,
Steve,Young,QB,SF,1997,15,241,356,3029,19,5.3,8.5,6,
Kordell,Stewart,QB,PIT,1997,16,236,440,3020,21,4.8,6.9,17,
John,Brodie,QB,SF,1968,14,234,404,3020,22,5.4,7.5,21,
Michael,Vick,QB,PHI,2010,12,233,372,3018,21,5.6,8.1,6,
Jack,Kemp,QB,LAC,1960,14,211,406,3018,20,4.9,7.4,25,
Erik,Kramer,QB,CHI,1997,15,275,477,3011,14,2.9,6.3,14,
Jim,Hart,QB,STL,1967,14,192,397,3008,19,4.8,7.6,30,
George,Blanda,QB,HOU,1963,14,224,423,3003,24,4.8,7.1,25,
Matt,Hasselbeck,QB,SEA,2010,14,266,444,3001,12,2.7,6.8,17,
Ryan,Fitzpatrick,QB,BUF,2010,13,255,441,3000,23,5.2,6.8,15,
Tommy,Kramer,QB,MIN,1986,13,208,372,3000,24,6.5,8.1,10,
Dan,Fouts,QB,SD,1978,15,224,381,2999,24,6.3,7.9,20,
Gus,Frerotte,QB,MIA,2005,16,257,494,2996,18,3.6,6.1,13,
Joe,Ferguson,QB,BUF,1983,16,281,508,2995,26,5.1,5.9,25,
Pat,Haden,QB,RAM,1978,16,229,444,2995,13,2.9,6.7,19,
Fran,Tarkenton,QB,MIN,1975,14,273,425,2994,25,5.9,7,13,
Johnny,Unitas,QB,BAL,1961,14,229,420,2990,16,3.8,7.1,24,
Ed,Brown,QB,PIT,1963,14,168,362,2982,21,5.8,8.2,20,
Joe,Montana,QB,SF,1988,14,238,397,2981,18,4.5,7.5,10,
Bobby,Hebert,QB,ATL,1993,14,263,430,2978,24,5.6,6.9,17,
Dan,Fouts,QB,SD,1983,10,215,340,2975,20,5.9,8.8,15,
Frank,Ryan,QB,CLE,1966,14,200,382,2974,29,7.6,7.8,14,
Kyle,Orton,QB,CHI,2008,15,272,465,2972,18,3.9,6.4,12,
Jake,Plummer,QB,ARI,2002,16,284,530,2972,18,3.4,5.6,20,
Joe,Flacco,QB,BAL,2008,16,257,428,2971,14,3.3,6.9,12,
Vinny,Testaverde,QB,BAL,1997,13,271,470,2971,18,3.8,6.3,15,
Neil,O'Donnell,QB,PIT,1995,12,246,416,2970,17,4.1,7.1,7,
Johnny,Unitas,QB,BAL,1962,14,222,389,2967,23,5.9,7.6,23,
Steve,DeBerg,QB,KC,1991,16,256,434,2965,17,3.9,6.8,14,
Troy,Aikman,QB,DAL,1999,14,263,442,2964,17,3.8,6.7,12,
Joe,Theismann,QB,WAS,1980,16,262,454,2962,17,3.7,6.5,16,
Fran,Tarkenton,QB,MIN,1976,13,255,412,2961,17,4.1,7.2,8,
Eric,Hipple,QB,DET,1985,16,223,406,2952,17,4.2,7.3,18,
Jake,Plummer,QB,ARI,2000,14,270,475,2946,13,2.7,6.2,21,
Jim,Hart,QB,STL,1980,15,228,425,2946,16,3.8,6.9,20,
Jim,Hart,QB,STL,1976,14,218,388,2946,18,4.6,7.6,13,
Ken,Stabler,QB,OAK,1978,16,237,406,2944,16,3.9,7.3,30,
Byron,Leftwich,QB,JAX,2004,14,267,441,2941,15,3.4,6.7,10,
John,Brodie,QB,SF,1970,14,223,378,2941,24,6.3,7.8,10,
Sammy,Baugh,QB,WAS,1947,12,210,354,2938,25,7.1,8.3,15,
Michael,Vick,QB,ATL,2002,15,231,421,2936,16,3.8,7,8,
Steve,DeBerg,QB,KC,1988,13,224,414,2935,16,3.9,7.1,16,
Jim,Plunkett,QB,RAI,1983,14,230,379,2935,20,5.3,7.7,18,
Sonny,Jurgensen,QB,WAS,1964,14,207,385,2934,24,6.2,7.6,13,
Drew,Bledsoe,QB,BUF,2004,16,256,450,2932,20,4.4,6.5,16,
Greg,Landry,QB,BAL,1979,16,270,457,2932,15,3.3,6.4,15,
Chris,Weinke,QB,CAR,2001,15,293,540,2931,11,2,5.4,19,
Norm,Snead,QB,WAS,1962,14,184,354,2926,22,6.2,8.3,22,
Matt,Cassel,QB,KC,2009,15,271,493,2924,16,3.2,5.9,16,
Dave,Krieg,QB,SEA,1986,15,225,375,2921,21,5.6,7.8,11,
Craig,Erickson,QB,TB,1994,15,225,399,2919,16,4,7.3,10,
Fran,Tarkenton,QB,NYG,1969,14,220,409,2918,23,5.6,7.1,8,
Scott,Mitchell,QB,DET,1996,14,253,437,2917,17,3.9,6.7,17,
Frank,Tripucka,QB,DTX,1962,14,240,440,2917,17,3.9,6.6,25,
Matt,Ryan,QB,ATL,2009,14,263,451,2916,22,4.9,6.5,14,
Terry,Bradshaw,QB,PIT,1978,16,207,368,2915,28,7.6,7.9,20,
Ty,Detmer,QB,PHI,1996,13,238,401,2911,15,3.7,7.3,13,
Jeff,George,QB,IND,1991,16,292,485,2910,10,2.1,6,12,
Jack,Kemp,QB,BUF,1963,14,193,384,2910,13,3.4,7.6,20,
Earl,Morrall,QB,BAL,1968,14,182,317,2909,26,8.2,9.2,17,
Jack,Thompson,QB,TB,1983,14,249,423,2906,18,4.3,6.9,21,
Brian,Sipe,QB,CLE,1978,16,222,399,2906,21,5.3,7.3,15,
Tony,Romo,QB,DAL,2006,16,220,337,2903,19,5.6,8.6,13,
Johnny,Unitas,QB,BAL,1959,12,193,367,2899,32,8.7,7.9,14,
Carson,Palmer,QB,CIN,2004,13,263,432,2897,18,4.2,6.7,18,
John,Friesz,QB,SD,1991,16,262,487,2896,12,2.5,5.9,15,
Alex,Smith,QB,SF,2006,16,257,442,2890,16,3.6,6.5,16,
Terry,Bradshaw,QB,PIT,1981,14,201,370,2887,22,5.9,7.8,14,
Vinny,Testaverde,QB,CLE,1995,13,241,392,2883,17,4.3,7.4,10,
Boomer,Esiason,QB,CIN,1991,14,233,413,2883,13,3.1,7,16,
Dan,Fouts,QB,SD,1982,9,204,330,2883,17,5.2,8.7,11,
Aaron,Brooks,QB,NO,2005,13,240,431,2882,13,3,6.7,17,
Joey,Harrington,QB,DET,2003,16,309,554,2880,17,3.1,5.2,22,
Len,Dawson,QB,KC,1964,14,199,354,2879,30,8.5,8.1,18,
Chad,Henne,QB,MIA,2009,14,274,451,2878,12,2.7,6.4,14,
Billy,Wade,QB,RAM,1958,12,181,341,2875,18,5.3,8.4,22,
Drew,Bledsoe,QB,BUF,2003,16,274,471,2860,11,2.3,6.1,12,
Trent,Dilfer,QB,TB,1996,16,267,482,2859,12,2.5,5.9,19,
Ken,O'Brien,QB,NYJ,1990,16,226,411,2855,13,3.2,6.9,10,
Jay,Schroeder,QB,OAK,1990,16,182,334,2849,19,5.7,8.5,9,
Chris,Chandler,QB,ATL,2001,14,223,365,2847,16,4.4,7.8,14,
Steve,McNair,QB,TEN,2000,16,248,396,2847,15,3.8,7.2,13,
John,Hadl,QB,SD,1966,14,200,375,2846,23,6.1,7.6,14,
Tom,Brady,QB,NE,2001,15,264,413,2843,18,4.4,6.9,12,
Tim,Couch,QB,CLE,2002,14,273,443,2842,18,4.1,6.4,18, 
Steve,Dils,QB,MIN,1983,16,239,444,2840,11,2.5,6.4,16,
Tommy,Maddox,QB,PIT,2002,15,234,377,2836,20,5.3,7.5,16,
Rick,Mirer,QB,SEA,1993,16,274,486,2833,12,2.5,5.8,17,
Chris,Chandler,QB,ARI,1992,15,245,413,2832,15,3.6,6.9,15,
Jim,Kelly,QB,BUF,1990,14,219,346,2829,24,6.9,8.2,9,
Brian,Griese,QB,DEN,2001,15,275,451,2827,23,5.1,6.3,19,
Steve,Grogan,QB,NE,1978,16,181,362,2824,15,4.1,7.8,23,
Johnny,Unitas,QB,BAL,1964,14,158,305,2824,19,6.2,9.3,6,
Byron,Leftwich,QB,JAX,2003,15,239,418,2819,14,3.3,6.7,16,
Vinny,Testaverde,QB,TB,1990,14,203,365,2818,17,4.7,7.7,18,
Jeff,George,QB,MIN,1999,14,191,329,2816,23,7,8.6,12,
Joe,Namath,QB,NYJ,1972,13,162,324,2816,19,5.9,8.7,21,
Otto,Graham,QB,CLE,1952,12,181,364,2816,20,5.5,7.7,24,
Dave,Brown,QB,NYG,1995,16,254,456,2814,11,2.4,6.2,10,
Jim,Kelly,QB,BUF,1996,13,222,379,2810,14,3.7,7.4,19,
John,Brodie,QB,SF,1966,14,232,427,2810,16,3.7,6.6,22,
George,Blanda,QB,HOU,1962,14,197,418,2810,27,6.5,6.7,42,
John,Elway,QB,DEN,1998,13,210,356,2806,22,6.2,7.9,10,
Warren,Moon,QB,TEN,1987,12,184,368,2806,21,5.7,7.6,18,
Jake,Delhomme,QB,CAR,2006,13,263,431,2805,17,3.9,6.5,11,
Joe,Ferguson,QB,BUF,1980,16,251,439,2805,20,4.6,6.4,18,
Don,Meredith,QB,DAL,1966,13,177,344,2805,24,7,8.2,12,
Joe,Ferguson,QB,BUF,1977,14,221,457,2803,12,2.6,6.1,24,
Jim,Kelly,QB,BUF,1987,12,250,419,2798,19,4.5,6.7,11,
John,Hadl,QB,SD,1965,14,174,348,2798,20,5.7,8,21,
Jim,Everett,QB,NO,1996,15,267,464,2797,12,2.6,6,16,
Joe,Theismann,QB,WAS,1979,16,233,395,2797,20,5.1,7.1,13,
Neil,O'Donnell,QB,NYJ,1997,15,259,460,2796,17,3.7,6.1,7,
Dan,Marino,QB,MIA,1996,13,221,373,2795,17,4.6,7.5,9,
Mark,Brunell,QB,JAX,2002,15,245,416,2788,17,4.1,6.7,7,
Jim,Zorn,QB,SEA,1981,13,236,397,2788,13,3.3,7,9,
Randall,Cunningham,QB,PHI,1987,12,223,406,2786,23,5.7,6.9,12,
Otto,Graham,QB,CLE,1949,12,161,285,2785,19,6.7,9.8,10,
Boomer,Esiason,QB,NYJ,1994,15,255,440,2782,17,3.9,6.3,13,
Archie,Manning,QB,NO,1972,14,230,448,2781,18,4,6.2,21,
Roman,Gabriel,QB,RAM,1967,14,196,371,2779,25,6.7,7.5,13,
Fran,Tarkenton,QB,NYG,1970,14,219,389,2777,19,4.9,7.1,12,
Randall,Cunningham,QB,PHI,1992,15,233,384,2775,19,4.9,7.2,11,
Trent,Dilfer,QB,TB,1995,16,224,415,2774,4,1,6.7,18,
Shaun,King,QB,TB,2000,16,233,428,2769,18,4.2,6.5,13,
Norm,Snead,QB,PHI,1969,13,190,379,2768,19,5,7.3,23,
David,Carr,QB,HOU,2006,16,302,442,2767,11,2.5,6.3,12,
Mike,Tomczak,QB,PIT,1996,16,222,401,2767,15,3.7,6.9,17,
Jim,Harbaugh,QB,SD,1999,14,249,434,2761,10,2.3,6.4,14,
Len,Dawson,QB,DTX,1962,14,189,310,2759,29,9.4,8.9,17,
Troy,Aikman,QB,DAL,1991,12,237,363,2754,11,3,7.6,10,
Ron,Jaworski,QB,PHI,1984,13,234,427,2754,16,3.7,6.4,14,
Otto,Graham,QB,CLE,1947,14,163,269,2753,25,9.3,10.2,11,
Vinny,Testaverde,QB,NYJ,2001,16,260,441,2752,15,3.4,6.2,14,
Gus,Frerotte,QB,WAS,1995,16,199,396,2751,13,3.3,6.9,13,
Brad,Johnson,QB,MIN,2006,15,270,439,2750,9,2.1,6.3,15,
Johnny,Unitas,QB,BAL,1966,14,195,348,2748,22,6.3,7.9,24,
Al,Dorow,QB,NYT,1960,14,201,396,2748,26,6.6,6.9,26,
Wade,Wilson,QB,MIN,1988,14,204,332,2746,15,4.5,8.3,9,
Bill,Nelson,QB,CLE,1969,14,190,352,2743,23,6.5,7.8,19,
Ken,Stabler,QB,OAK,1976,12,194,291,2737,27,9.3,9.4,17,
Chris,Miller,QB,ATL,1990,12,222,388,2735,17,4.4,7,14,
David,Garrard,QB,JAX,2010,14,236,366,2734,23,6.3,7.5,15,
Joe,Namath,QB,NYJ,1969,14,185,361,2734,19,5.3,7.6,17,
Trent,Dilfer,QB,TB,1998,16,225,429,2729,21,4.9,6.4,15,
Steve,Pelluer,QB,DAL,1986,16,215,378,2727,8,2.1,7.2,17,
Bubby,Brister,QB,PIT,1990,16,223,387,2725,20,5.2,7,14,
Otto,Graham,QB,CLE,1953,12,167,258,2722,11,4.3,10.6,9,
Babe,Parilli,QB,BOS,1966,14,181,382,2721,20,5.2,7.1,20,
Marc,Bulger,QB,STL,2008,15,251,440,2720,11,2.5,6.2,13,
Kerry,Collins,QB,CAR,1995,15,214,433,2717,14,3.2,6.3,19,
Roger,Staubach,QB,DAL,1976,14,208,369,2715,14,3.8,7.4,11,
Kurt,Warner,QB,ARI,2005,10,242,375,2713,11,2.9,7.2,9,
Otto,Graham,QB,CLE,1948,14,173,333,2713,25,7.5,8.1,15,
Jeff,Garcia,QB,TB,2008,12,244,376,2712,12,3.2,7.2,6,
Sid,Luckman,QB,CHI,1947,12,176,323,2712,24,7.4,8.4,31,
Doug,Flutie,QB,BUF,1998,13,202,354,2711,20,5.6,7.7,11,
Warren,Moon,QB,TEN,1985,14,200,377,2709,15,4,7.2,19,
Jeff,Garcia,QB,SF,2003,13,225,392,2704,18,4.6,6.9,13,
Jason,Campbell,QB,WAS,2007,13,250,417,2700,12,2.9,6.5,11,
Trent,Edwards,QB,BUF,2008,14,245,374,2699,11,2.9,7.2,10,
Ken,O'Brien,QB,NYJ,1987,12,234,393,2696,13,3.3,6.9,8,
Chris,Chandler,QB,ATL,1997,14,202,342,2692,20,5.8,7.9,7,
Brian,Griese,QB,DEN,2000,10,216,336,2688,19,5.7,8,4,
Shaun,Hill,QB,DET,2010,11,257,416,2686,16,3.8,6.5,12,
Bobby,Hebert,QB,NO,1989,14,222,353,2686,15,4.2,7.6,15,
Bert,Jones,QB,BAL,1977,14,224,393,2686,17,4.3,6.8,11,
Jack,Kemp,QB,SD,1961,14,165,364,2686,15,4.1,7.4,22,
Gus,Frerotte,QB,WAS,1997,13,204,402,2682,17,4.2,6.7,12,
Mike,Livingston,QB,KC,1976,14,189,338,2682,12,3.6,7.9,13,
Kerry,Collins,QB,TEN,2008,16,242,415,2676,12,2.9,6.4,7,
Troy,Aikman,QB,DAL,1994,14,233,361,2676,13,3.6,7.4,12,
Chad,Pennington,QB,NYJ,2004,13,242,370,2673,16,4.3,7.2,9,
Jeff,Blake,QB,CIN,1999,14,215,389,2670,16,4.1,6.9,12,
Stan,Humphries,QB,SD,1996,13,232,416,2670,18,4.3,6.4,13,
Ron,Jaworski,QB,PHI,1979,16,190,374,2669,18,4.8,7.1,12,
Ken,Anderson,QB,CIN,1974,13,213,328,2667,18,5.5,8.1,10,
Roger,Staubach,QB,DAL,1975,13,198,348,2666,17,4.9,7.7,16,
Steve,McNair,QB,TEN,1997,16,216,415,2665,14,3.4,6.4,13,
Richard,Todd,QB,NYJ,1979,15,171,334,2660,16,4.8,8,22,
Jon,Kitna,QB,SEA,2000,15,259,418,2658,18,4.3,6.4,19,
Dieter,Brock,QB,RAM,1985,15,218,365,2658,16,4.4,7.3,13,
Johnny,Lujack,QB,CHI,1949,12,162,312,2658,23,7.4,8.5,22,
Fran,Tarkenton,QB,MIN,1972,14,215,378,2651,18,4.8,7,13,
Len,Dawson,QB,KC,1967,14,206,357,2651,24,6.7,7.4,17,
Al,Dorow,QB,NYT,1961,14,197,438,2651,19,4.3,6.1,30,
Donovan,McNabb,QB,PHI,2006,10,180,316,2647,18,5.7,8.4,6,
John,Brodie,QB,SF,1971,14,208,387,2642,18,4.7,6.8,24,
Rudy,Bukich,QB,CHI,1965,14,176,312,2641,20,6.4,8.5,9,
Tom,Flores,QB,OAK,1966,14,151,306,2638,24,7.8,8.6,14,
Norm,Van Brocklin,QB,RAM,1954,12,139,260,2637,13,5,10.1,21, 
Neil,Lomax,QB,ARI,1983,13,209,354,2636,24,6.8,7.4,11,
Bubby,Brister,QB,PIT,1988,13,175,370,2634,11,3,7.1,14,
Brian,Griese,QB,TB,2004,11,233,336,2632,20,6,7.8,12,
Rodney,Peete,QB,CAR,2002,14,223,381,2630,15,3.9,6.9,14,
Jim,Harbaugh,QB,IND,1996,14,232,405,2630,13,3.2,6.5,11,
Craig,Morton,QB,DEN,1979,14,204,370,2626,16,4.3,7.1,19,
Chris,Miller,QB,STL,1995,13,232,405,2623,18,4.4,6.5,15,
Ben,Roethlisberger,QB,PIT,2004,14,196,295,2621,17,5.8,8.9,11,
Earl,Morrall,QB,DET,1963,14,174,328,2621,24,7.3,8,14,
Roger,Staubach,QB,DAL,1977,14,210,361,2620,18,5,7.3,9,
Craig,Morton,QB,DAL,1969,13,162,302,2619,21,7,8.7,15,
Danny,White,QB,DAL,1987,11,215,362,2617,12,3.3,7.2,17,
Norm,Van Brocklin,QB,PHI,1959,12,191,340,2617,16,4.7,7.7,14, 
Joe,Namath,QB,NYJ,1974,14,191,361,2616,20,5.5,7.2,22,
Steve,Beuerlein,QB,CAR,1998,12,216,343,2613,17,5,7.6,12,
Joe,Montana,QB,SF,1982,9,213,346,2613,17,4.9,7.6,11,
Daunte,Culpepper,QB,MIN,2001,11,235,366,2612,14,3.8,7.1,13,
Doug,Williams,QB,WAS,1988,11,213,380,2609,15,3.9,6.9,12,
Fran,Tarkenton,QB,MIN,1965,14,171,329,2609,19,5.8,7.9,11,
Tyler,Thigpen,QB,KC,2008,14,230,420,2608,18,4.3,6.2,12,
Marc,Wilson,QB,OAK,1985,16,193,388,2608,16,4.1,6.7,21,
Mark,Brunell,QB,JAX,1998,13,208,354,2601,20,5.6,7.3,9,
Sammy,Baugh,QB,WAS,1948,12,185,315,2599,22,7,8.3,23,
Chuck,Long,QB,DET,1987,12,232,416,2598,11,2.6,6.2,20,
John,Elway,QB,DEN,1984,15,214,380,2598,18,4.7,6.8,15,
Fran,Tarkenton,QB,MIN,1974,13,199,351,2598,17,4.8,7.4,12,
Babe,Parilli,QB,BOS,1965,14,173,426,2597,18,4.2,6.1,26,
Fran,Tarkenton,QB,MIN,1962,14,163,329,2595,22,6.7,7.9,25,
Lynn,Dickey,QB,GB,1981,13,204,354,2593,17,4.8,7.3,15,
Joe,Theismann,QB,WAS,1978,16,187,390,2593,13,3.3,6.6,18,
David,Carr,QB,HOU,2002,16,233,444,2592,9,2,5.8,15,
Gary,Hogeboom,QB,ARI,1989,14,204,364,2591,14,3.8,7.1,19,
John,Brodie,QB,SF,1961,14,155,283,2588,14,4.9,9.1,12,
Neil,Lomax,QB,ARI,1986,14,240,421,2583,13,3.1,6.1,12,
Troy,Aikman,QB,DAL,1990,15,226,399,2579,11,2.8,6.5,18,
Eric,Hipple,QB,DET,1983,16,204,387,2577,12,3.1,6.7,18,
George,Ratterman,QB,BUF,1948,14,168,335,2577,16,4.8,7.7,22,
Jim,Harbaugh,QB,IND,1995,15,200,314,2575,17,5.4,8.2,5,
Vinny,Testaverde,QB,CLE,1994,14,207,376,2575,16,4.3,6.8,18,
Jim,Hart,QB,STL,1970,14,171,373,2575,14,3.8,6.9,18,
Billy Joe,Tolliver,QB,SD,1990,15,216,410,2574,16,3.9,6.3,16, 
Steve,Bono,QB,KC,1996,13,235,438,2572,12,2.7,5.9,13,
Jim,Zorn,QB,SEA,1976,14,208,439,2571,12,2.7,5.9,27,
Ken,O'Brien,QB,NYJ,1988,14,236,424,2567,15,3.5,6.1,7,
Fran,Tarkenton,QB,NYG,1971,13,226,386,2567,11,2.8,6.7,21,
Rick,Mirer,QB,SEA,1995,15,209,391,2564,13,3.3,6.6,20,
Jay,Schroeder,QB,OAK,1991,15,189,357,2562,15,4.2,7.2,16,
Bernie,Kosar,QB,CLE,1990,13,230,423,2562,10,2.4,6.1,15,
Fran,Tarkenton,QB,MIN,1966,14,192,358,2561,17,4.7,7.2,16,
Kordell,Stewart,QB,PIT,1998,16,252,458,2560,11,2.4,5.6,18,
Kyle,Boller,QB,BAL,2004,16,258,464,2559,13,2.8,5.5,11,
Trent,Dilfer,QB,TB,1997,16,217,386,2555,21,5.4,6.6,11,
Fran,Tarkenton,QB,NYG,1968,14,182,337,2555,21,6.2,7.6,12,
Vinny,Testaverde,QB,TB,1992,14,206,358,2554,14,3.9,7.1,16,
Cliff,Stoudt,QB,PIT,1983,16,197,381,2553,12,3.1,6.7,21,
Roger,Staubach,QB,DAL,1974,14,190,360,2552,11,3.1,7.1,15,
Roman,Gabriel,QB,RAM,1970,14,211,407,2552,16,3.9,6.3,12,
Jim,Plunkett,QB,NE,1973,14,193,376,2550,13,3.5,6.8,17,
Johnny,Unitas,QB,BAL,1957,12,172,301,2550,24,8,8.5,17,
Roman,Gabriel,QB,RAM,1969,14,217,399,2549,24,6,6.4,7,
Jeff,Hostetler,QB,OAK,1996,13,242,402,2548,23,5.7,6.3,14,
Matt,Leinart,QB,ARI,2006,12,214,377,2547,11,2.9,6.8,12,
Vince,Young,QB,TEN,2007,15,238,382,2546,9,2.4,6.7,17,
Jeff,Garcia,QB,SF,1999,13,225,375,2544,11,2.9,6.8,11,
Tony,Banks,QB,STL,1996,14,192,368,2544,15,4.1,6.9,15,
Wade,Wilson,QB,MIN,1989,14,194,362,2543,9,2.5,7,12,
Jim,Hart,QB,STL,1977,14,186,355,2542,13,3.7,7.2,20,
George,Blanda,QB,HOU,1965,14,186,442,2542,20,4.5,5.8,30,
Roman,Gabriel,QB,RAM,1966,14,217,397,2540,10,2.5,6.4,16,
Dave,Brown,QB,NYG,1994,15,201,350,2536,12,3.4,7.2,16,
Bill,Kenney,QB,KC,1985,16,181,338,2536,17,5,7.5,9,
Tony,Banks,QB,STL,1998,14,241,408,2535,7,1.7,6.2,14,
Dan,Fouts,QB,SD,1976,14,208,359,2535,14,3.9,7.1,15,
Billy,Kilmer,QB,NO,1969,14,193,360,2532,20,5.6,7,17,
Johnny,Unitas,QB,BAL,1965,11,164,282,2530,23,8.2,9,12,
Steve,DeBerg,QB,KC,1989,12,196,324,2529,11,3.4,7.8,16,
Len,Dawson,QB,KC,1966,14,159,284,2527,26,9.2,8.9,10,
Jeff,George,QB,IND,1993,13,234,407,2526,8,2,6.2,6,
Terry,Bradshaw,QB,PIT,1977,14,162,314,2523,17,5.4,8,19,
Y.A.,Tittle,QB,BCL,1948,14,161,289,2522,16,5.5,8.7,9,
Warren,Moon,QB,TEN,1992,11,224,346,2521,18,5.2,7.3,12,
Steve,Young,QB,SF,1991,11,180,279,2517,17,6.1,9,8,
Dan,Fouts,QB,SD,1987,11,206,364,2517,10,2.7,6.9,15,
Scott,Brunner,QB,NYG,1983,16,190,386,2516,9,2.3,6.5,22,
Daryle,Lamonica,QB,OAK,1970,14,179,356,2516,22,6.2,7.1,15,
Josh,McCown,QB,ARI,2004,14,233,408,2511,11,2.7,6.2,10,
Tobin,Rote,QB,SD,1963,14,170,286,2510,20,7,8.8,17,
Bobby,Layne,QB,DET,1958,12,145,294,2510,14,4.8,8.5,12,
Brett,Favre,QB,MIN,2010,13,217,358,2509,11,3.1,7,19,
David,Garrard,QB,JAX,2007,12,208,325,2509,18,5.5,7.7,3,
Donovan,McNabb,QB,PHI,2005,9,211,357,2507,16,4.5,7,9,
Jim,Hart,QB,STL,1975,14,182,345,2507,19,5.5,7.3,19,
Dennis,Shaw,QB,BUF,1970,14,178,321,2507,10,3.1,7.8,20,
Fran,Tarkenton,QB,MIN,1964,14,171,306,2506,22,7.2,8.2,11,
Brad,Johnson,QB,WAS,2000,12,228,365,2505,11,3,6.9,15,
Steve,Bartkowski,QB,ATL,1979,14,204,380,2505,17,4.5,6.6,20,
Len,Dawson,QB,KC,1971,14,167,301,2504,15,5,8.3,13,
Jack,Kemp,QB,BUF,1967,14,161,369,2503,14,3.8,6.8,26,
Don,Meredith,QB,DAL,1968,13,171,309,2500,21,6.8,8.1,12,
John,Brodie,QB,SF,1964,14,193,392,2498,14,3.6,6.4,16,
Cotton,Davidson,QB,OAK,1964,14,155,320,2497,21,6.6,7.8,19,
Ken,Anderson,QB,CIN,1982,9,218,309,2495,12,3.9,8.1,9,
Drew,Bledsoe,QB,NE,1993,13,214,429,2494,15,3.5,5.8,15,
Charlie,Batch,QB,DET,2000,15,221,412,2489,13,3.2,6,15,
Steve,Bartkowski,QB,ATL,1978,14,187,369,2489,10,2.7,6.7,18,
David,Carr,QB,HOU,2005,16,256,423,2488,14,3.3,5.9,11,
Steve,DeBerg,QB,TB,1985,11,197,370,2488,19,5.1,6.7,18,
Ron,Jaworski,QB,PHI,1978,16,206,398,2487,16,4,6.2,16,
Billy,Volek,QB,TEN,2004,10,218,357,2486,18,5,7,10,
Jim,Harbaugh,QB,CHI,1992,16,202,358,2486,13,3.6,6.9,12,
Bert,Jones,QB,BAL,1975,14,203,344,2483,18,5.2,7.2,8,
Butch,Songin,QB,BOS,1960,14,187,392,2476,22,5.6,6.3,15,
Steve,Grogan,QB,NE,1980,12,175,306,2475,18,5.9,8.1,22,
Michael,Vick,QB,ATL,2006,16,204,388,2474,20,5.2,6.4,13,
Cotton,Davidson,QB,DTX,1960,14,179,379,2474,15,4,6.5,16,
Dan,Pastorini,QB,HOU,1978,16,199,368,2473,16,4.3,6.7,17,
Bob,Griese,QB,MIA,1968,13,186,355,2473,21,5.9,7,16,
Norm,Van Brocklin,QB,PHI,1960,12,153,284,2471,24,8.5,8.7,17, 
David,Woodley,QB,MIA,1981,15,191,366,2470,12,3.3,6.7,13,
Ken,Stabler,QB,OAK,1974,14,178,310,2469,26,8.4,8,12,
Charley,Johnson,QB,DEN,1973,14,184,346,2465,20,5.8,7.1,17,
Bobby,Thomason,QB,PHI,1953,12,162,304,2462,21,6.9,8.1,20,
Chris,Chandler,QB,TEN,1995,13,225,356,2460,17,4.8,6.9,10,
Wade,Wilson,QB,NO,1993,14,221,388,2457,12,3.1,6.3,15,
Jim,Plunkett,QB,NE,1974,14,173,352,2457,19,5.4,7,22,
Pete,Beathard,QB,HOU,1969,12,180,370,2455,10,2.7,6.6,21,
Charlie,Frye,QB,CLE,2006,13,252,392,2454,10,2.6,6.3,17,
Kerry,Collins,QB,CAR,1996,13,204,364,2454,14,3.8,6.7,9,
Jack,Kemp,QB,BUF,1966,14,166,389,2451,11,2.8,6.3,16,
John,Hadl,QB,SD,1972,14,190,370,2449,15,4.1,6.6,26,
Dan,Marino,QB,MIA,1999,11,204,369,2448,12,3.3,6.6,17,
Doug,Williams,QB,TB,1979,16,166,397,2448,18,4.5,6.2,24,
Tim,Couch,QB,CLE,1999,15,223,399,2447,15,3.8,6.1,13, 
Earl,Morrall,QB,NYG,1965,14,155,302,2446,22,7.3,8.1,12,
Cotton,Davidson,QB,DTX,1961,14,151,330,2445,17,5.2,7.4,23,
Mark,Sanchez,QB,NYJ,2009,15,196,364,2444,12,3.3,6.7,20,
Mark,Malone,QB,PIT,1986,14,216,425,2444,15,3.5,5.8,18,
Neil,O'Donnell,QB,PIT,1994,14,212,370,2443,13,3.5,6.6,9,
Matt,Hasselbeck,QB,SEA,2006,12,210,371,2442,18,4.9,6.6,15,
Jeff,Garcia,QB,TB,2007,13,209,327,2440,13,4,7.5,4,
Billy,Kilmer,QB,WAS,1975,12,178,346,2440,23,6.6,7.1,16,
Charley,Johnson,QB,STL,1962,11,150,308,2440,16,5.2,7.9,20,
Charley,Johnson,QB,STL,1965,11,155,322,2439,18,5.6,7.6,15,
Bart,Starr,GB,GB,1962,14,178,285,2438,12,4.2,8.6,9,
Roger,Staubach,QB,DAL,1973,14,179,286,2428,23,8,8.5,15,
Ken,Anderson,QB,CIN,1973,14,179,329,2428,18,5.5,7.4,12,
Joe,Ferguson,QB,BUF,1975,14,169,321,2426,25,7.8,7.6,17,
JaMarcus,Russell,QB,OAK,2008,15,198,368,2423,13,3.5,6.6,8,
Bart,Starr,QB,GB,1961,14,172,295,2418,16,5.4,8.2,16,
Milt,Plum,QB,CLE,1961,14,177,302,2416,18,6,8,10,
Don,Meredith,QB,DAL,1965,14,141,305,2415,22,7.2,7.9,13,
Mike,Pagel,QB,IND,1985,16,199,393,2414,14,3.6,6.1,15,
George,Blanda,QB,HOU,1960,14,169,363,2413,24,6.6,6.6,22,
Michael,Vick,QB,ATL,2005,15,214,387,2412,15,3.9,6.2,13,
Dave,Brown,QB,NYG,1996,16,214,398,2412,12,3,6.1,20,
Steve,Grogan,QB,NE,1983,12,168,303,2411,15,5,8,12,
Jim,Hart,QB,STL,1974,14,200,388,2411,20,5.2,6.2,8,
Steve,Young,QB,SF,1996,12,214,316,2410,14,4.4,7.6,6,
Norm,Van Brocklin,QB,PHI,1958,12,198,374,2409,15,4,6.4,20, 
John,Brodie,QB,SF,1969,13,194,347,2405,16,4.6,6.9,15,
Frank,Ryan,QB,CLE,1964,14,174,334,2404,25,7.5,7.2,19,
Bobby,Layne,QB,DET,1951,12,152,332,2403,26,7.8,7.2,23,
Glenn,Dobbs,RB,LAD,1948,14,185,369,2403,21,5.7,6.5,20,
Jay,Fiedler,QB,MIA,2000,15,204,357,2402,14,3.9,6.7,14,
Craig,Morton,QB,DAL,1972,14,185,339,2396,15,4.4,7.1,21,
Norm,Van Brocklin,QB,RAM,1953,12,156,286,2393,19,6.6,8.4,14, 
Marc,Bulger,QB,STL,2007,12,221,378,2392,11,2.9,6.3,15,
Charlie,Batch,QB,DET,2001,10,198,341,2392,12,3.5,7,12,
Jim,McMahon,QB,CHI,1985,13,178,313,2392,15,4.8,7.6,11,
Len,Dawson,QB,KC,1963,14,190,352,2389,26,7.4,6.8,19,
John,Hadl,QB,SD,1970,14,162,327,2388,22,6.7,7.3,15,
Jason,Campbell,QB,OAK,2010,13,194,329,2387,13,4,7.3,8,
Tony,Banks,QB,WAS,2001,15,198,370,2386,10,2.7,6.4,10,
Ben,Roethlisberger,QB,PIT,2005,12,168,268,2385,17,6.3,8.9,9,
Don,Meredith,QB,DAL,1963,14,167,310,2381,17,5.5,7.7,18,
Milt,Plum,QB,DET,1962,14,179,325,2378,15,4.6,7.3,20,
Alex,Smith,QB,SF,2010,11,204,342,2370,14,4.1,6.9,10,
Jack,Kemp,QB,BUF,1965,14,179,391,2368,10,2.6,6.1,18,
Todd,Collins,QB,BUF,1997,14,215,391,2367,12,3.1,6.1,13,
Ken,Anderson,QB,CIN,1976,14,179,338,2367,19,5.6,7,14,
Sonny,Jurgensen,QB,WAS,1965,13,190,356,2367,15,4.2,6.6,16,
Gary,Hogeboom,QB,DAL,1984,16,195,367,2366,7,1.9,6.4,14,
Bill,Nelson,QB,CLE,1968,14,152,293,2366,19,6.5,8.1,10,
Jon,Kitna,QB,DAL,2010,10,209,318,2365,16,5,7.4,12,
Bubby,Brister,QB,PIT,1989,14,187,342,2365,9,2.6,6.9,10,
Roman,Gabriel,QB,RAM,1968,14,184,366,2364,19,5.2,6.5,16,
Craig,Morton,QB,NYG,1975,14,186,363,2359,11,3,6.5,16,
Eric,Hipple,QB,DET,1981,16,140,279,2358,14,5,8.5,15,
Vince,Evans,QB,CHI,1981,16,195,436,2354,11,2.5,5.4,20,
Sonny,Jurgensen,QB,WAS,1970,14,202,337,2354,23,6.8,7,10,
Dave,Wilson,QB,NO,1986,14,189,342,2353,10,2.9,6.9,17,
Mike,Pagel,QB,IND,1983,15,163,328,2353,12,3.7,7.2,17,
Alex,Smith,QB,SF,2009,11,225,372,2350,18,4.8,6.3,12,
Norm,Snead,QB,PHI,1965,11,150,288,2346,15,5.2,8.1,13,
Babe,Parilli,QB,BOS,1963,14,153,337,2345,13,3.9,7,24,
Johnny,Unitas,QB,BAL,1969,13,178,327,2342,12,3.7,7.2,20,
Ken,Anderson,QB,CIN,1979,15,189,339,2340,16,4.7,6.9,10,
Chris,Chandler,QB,ATL,1999,12,174,307,2339,16,5.2,7.6,11,
Norm,Snead,QB,WAS,1961,14,172,375,2337,11,2.9,6.2,22,
Ken,Anderson,QB,CIN,1983,13,198,297,2333,12,4,7.9,13,
Troy,Aikman,QB,DAL,1998,11,187,315,2330,12,3.8,7.4,5,
Warren,Moon,QB,TEN,1988,11,160,294,2327,17,5.8,7.9,8,
Rodney,Peete,QB,PHI,1995,15,215,375,2326,8,2.1,6.2,14,
Norm,Snead,QB,PHI,1970,14,181,335,2323,15,4.5,6.9,20,
Bobby,Layne,QB,DET,1950,12,152,336,2323,16,4.8,6.9,18,
Trent,Dilfer,QB,CLE,2005,11,199,333,2321,11,3.3,7,12,
Phil,Simms,QB,NYG,1980,13,193,402,2321,15,3.7,5.8,19,
Bill,Nelson,QB,CLE,1971,14,174,325,2319,13,4,7.1,23,
Kerry,Collins,QB,NYG,1999,10,190,331,2318,8,2.4,7,11,
Jack,Trudeau,QB,IND,1989,13,190,362,2317,15,4.1,6.4,13,
Babe,Parilli,QB,BOS,1967,14,161,344,2317,19,5.5,6.7,24,
Michael,Vick,QB,ATL,2004,15,181,321,2313,14,4.4,7.2,12,
Marc,Wilson,QB,OAK,1981,13,173,366,2311,14,3.8,6.3,19,
Bill,Munson,QB,DET,1968,12,181,329,2311,15,4.6,7,8,
Fran,Tarkenton,QB,MIN,1963,14,170,297,2311,15,5.1,7.8,15,
Tobin,Rote,QB,GB,1954,12,180,382,2311,14,3.7,6,18,
Norm,Snead,QB,NYG,1972,14,196,325,2307,17,5.2,7.1,12,
Jim,Finks,QB,PIT,1952,12,158,336,2307,20,6,6.9,19,
Rich,Gannon,QB,KC,1998,12,206,354,2305,10,2.8,6.5,6,
Billy,Wade,QB,CHI,1963,14,192,356,2301,15,4.2,6.5,12,
Jim,Miller,QB,CHI,2001,14,228,395,2299,13,3.3,5.8,10,
Jim,Plunkett,QB,OAK,1980,13,165,320,2299,18,5.6,7.2,16,
Dick,Woodley,QB,NYJ,1964,13,169,358,2298,17,4.7,6.4,25,
Marc,Bulger,QB,STL,2005,8,192,287,2297,14,4.9,8,9,
Milt,Plum,QB,CLE,1960,12,151,250,2297,21,8.4,9.2,5,
Ken,Stabler,QB,OAK,1975,14,171,293,2296,16,5.5,7.8,24,
Joey,Harrington,QB,DET,2002,14,215,429,2294,12,2.8,5.3,16,
Gary,Danielson,QB,DET,1978,16,199,351,2294,18,5.1,6.5,17,
Boomer,Esiason,QB,ARI,1996,10,190,339,2293,11,3.2,6.8,14,
Donovan,McNabb,QB,PHI,2002,10,211,361,2289,17,4.7,6.3,6,
Joe,Namath,QB,NYJ,1975,14,157,326,2286,15,4.6,7,28,
Jack,Kemp,QB,BUF,1964,14,119,269,2285,13,4.8,8.5,26,
Phil,Simms,QB,NYG,1990,14,184,311,2284,15,4.8,7.3,4,
Neil,O'Donnell,QB,PIT,1992,12,185,313,2283,13,4.2,7.3,9,
Steve,Young,QB,TB,1986,14,195,363,2282,8,2.2,6.3,13,
Browning,Nagle,QB,NYJ,1992,14,192,387,2280,7,1.8,5.9,17,
Dave,Krieg,QB,CHI,1996,13,226,377,2278,14,3.7,6,12,
Rich,Gannon,QB,MIN,1990,14,182,349,2278,16,4.6,6.5,16,
Boomer,Esiason,QB,NYJ,1995,12,221,389,2275,16,4.1,5.8,15,
John,Brodie,QB,SF,1962,14,175,304,2272,18,5.9,7.5,16,
Y.A.,Tittle,QB,NYG,1961,13,163,285,2272,17,6,8,12,
Jim,Finks,QB,PIT,1955,12,165,344,2270,10,2.9,6.6,26,
Matthew,Stafford,QB,DET,2009,10,201,377,2267,13,3.4,6,20,
Len,Dawson,QB,KC,1965,14,163,305,2262,21,6.9,7.4,14,
Terry,Bradshaw,QB,PIT,1971,14,203,373,2259,13,3.5,6.1,22,
Brad,Johnson,QB,MIN,1996,12,195,311,2258,17,5.5,7.3,10,
Billy,Wade,QB,CHI,1961,13,139,250,2258,22,8.8,9,13,
Damon,Huard,QB,KC,2007,11,206,332,2257,11,3.3,6.8,13,
Bart,Starr,QB,GB,1966,14,156,251,2257,14,5.6,9,3,
John,Hadl,QB,SD,1969,14,158,324,2253,10,3.1,7,11,
Bob,Griese,QB,MIA,1977,14,180,307,2252,22,7.2,7.3,13,
George,Ratterman,QB,NYY,1950,12,140,294,2251,22,7.5,7.7,24,
Steve,Fuller,QB,KC,1980,14,193,320,2250,10,3.1,7,12,
Jeff,Blake,QB,ARI,2003,13,208,367,2247,13,3.5,6.1,15,
David,Whitehurst,QB,GB,1979,13,179,322,2247,10,3.1,7,18,
John,Elway,QB,DEN,1992,12,174,316,2242,10,3.2,7.1,17,
Matt,Schaub,QB,HOU,2007,11,192,289,2241,9,3.1,7.8,9,
Milt,Plum,QB,DET,1964,12,154,287,2241,18,6.3,7.8,15,
Jim,McMahon,QB,PHI,1991,12,187,311,2239,12,3.9,7.2,11,
Jeff,Komlo,QB,DET,1979,16,183,368,2238,11,3,6.1,23,
Roman,Gabriel,QB,RAM,1971,14,180,352,2238,17,4.8,6.4,10,
Greg,Landry,QB,DET,1971,14,136,261,2237,16,6.1,8.6,13,
Joey,Harrington,QB,MIA,2006,11,223,388,2236,12,3.1,5.8,15,
Chris,Chandler,QB,ATL,2000,14,192,331,2236,10,3,6.8,12,
Joe,Montana,QB,SF,1986,8,191,307,2236,8,2.6,7.3,9,
Bud,Schwenk,QB,BCL,1947,14,168,327,2236,13,4,6.8,20,
Phil,Simms,QB,NYG,1987,9,163,282,2230,17,6,7.9,9,
Jack,Trudeau,QB,IND,1986,12,204,417,2225,8,1.9,5.3,18,
Jim,Hart,QB,STL,1973,12,178,320,2223,15,4.7,6.9,10,
Billy,Kilmer,QB,WAS,1971,14,166,306,2221,13,4.2,7.3,13,
Joe,Namath,QB,NYJ,1965,13,164,340,2220,18,5.3,6.5,15,
Ken,Anderson,QB,CIN,1978,12,173,319,2219,10,3.1,7,22,
Jim,Hart,QB,STL,1979,14,194,378,2218,9,2.4,5.9,20,
Neil,O'Donnell,QB,CIN,1998,13,212,343,2216,15,4.4,6.5,4,
Joey,Harrington,QB,ATL,2007,12,215,348,2215,7,2,6.4,8,
Kerry,Collins,QB,NO,1998,11,170,353,2213,12,3.4,6.3,15,
Johnny,Unitas,QB,BAL,1970,14,166,321,2213,14,4.4,6.9,18,
Dan,Marino,QB,MIA,1983,11,173,296,2210,20,6.8,7.5,6,
Y.A.,Tittle,QB,BCL,1949,11,148,289,2209,14,4.8,7.6,18,
Lynn,Dickey,QB,GB,1985,12,172,314,2206,15,4.8,7,17,
Frank,Reich,QB,NYJ,1996,10,175,331,2205,15,4.5,6.7,16,
Y.A.,Tittle,QB,SF,1954,12,170,295,2205,9,3.1,7.5,9,
Otto,Graham,QB,CLE,1951,12,147,265,2205,17,6.4,8.3,16,
Dick,Wood,QB,NYJ,1963,12,160,352,2204,18,5.1,6.3,19, 
Jake,Plummer,QB,ARI,1997,10,157,296,2203,15,5.1,7.4,15,
Tobin,Rote,QB,GB,1956,12,146,308,2203,18,5.8,7.2,15,
Vince,Young,QB,TEN,2006,15,184,357,2199,12,3.4,6.2,13,
Jim,Plunkett,QB,NE,1972,14,169,355,2196,8,2.3,6.2,25,
Sid,Luckman,QB,CHI,1943,10,110,202,2194,28,13.9,10.9,12,
Greg,Landry,QB,DET,1976,14,168,291,2191,17,5.8,7.5,8,
Paul,Christman,QB,CRD,1947,12,138,301,2191,17,5.6,7.3,22,
Y.A.,Tittle,QB,SF,1955,12,147,287,2185,17,5.9,7.6,28,
Jim,McMahon,QB,CHI,1983,14,175,295,2184,12,4.1,7.4,13,
Ron,Jaworski,QB,PHI,1977,14,166,346,2183,18,5.2,6.3,21,
Jake,Plummer,QB,DEN,2003,11,189,302,2182,15,5,7.2,7,
Steve,McNair,QB,TEN,1999,11,187,331,2179,12,3.6,6.6,8,
Charlie,Batch,QB,DET,1998,12,173,303,2178,11,3.6,7.2,6,
Jim,Harbaugh,QB,CHI,1990,14,180,312,2178,10,3.2,7,6,
Richard,Todd,QB,NO,1984,15,161,312,2178,11,3.5,7,19,
Ken,Stabler,QB,OAK,1977,13,169,294,2176,20,6.8,7.4,20,
Tom,Flores,QB,OAK,1961,14,190,366,2176,15,4.1,5.9,19,
Charlie,Conerly,QB,NYG,1948,12,162,299,2175,22,7.4,7.3,13,
Tim,Rattay,QB,SF,2004,9,198,325,2169,10,3.1,6.7,10, 
Mark,Brunell,QB,JAX,1995,13,201,346,2168,15,4.3,6.3,7,
Bob,Waterfield,QB,RAM,1949,12,154,296,2168,17,5.7,7.3,24,
Patrick,Ramsey,QB,WAS,2003,11,179,337,2166,14,4.2,6.4,9,
Rich,Gannon,QB,MIN,1991,15,211,354,2166,12,3.4,6.1,6,
George,Blanda,QB,CHI,1953,12,169,362,2164,14,3.9,6,23,
Steve,Grogan,QB,NE,1977,14,160,305,2162,17,5.6,7.1,21,
Bob,Griese,QB,MIA,1979,14,176,310,2160,14,4.5,7,16,
Mike,Taliaferro,QB,BOS,1969,14,160,331,2160,19,5.7,6.5,18,
Steve,Bartkowski,QB,ATL,1984,11,181,269,2158,11,4.1,8,10,
Bob,Berry,QB,ATL,1972,14,154,277,2158,13,4.7,7.8,12,
Jim,Plunkett,QB,NE,1971,14,158,328,2158,19,5.8,6.6,16,
Gus,Frerotte,QB,MIN,2008,11,178,301,2157,12,4,7.2,15,
John,Hadl,QB,SD,1964,14,147,274,2157,18,6.6,7.9,15,
Y.A.,Tittle,QB,SF,1957,12,176,279,2157,13,4.7,7.7,15,
Tony,Eason,QB,NE,1985,16,168,299,2156,11,3.7,7.2,17,
Bill,Nelson,QB,CLE,1970,12,159,313,2156,16,5.1,6.9,16,
Jeff,Blake,QB,CIN,1994,10,156,306,2154,14,4.6,7,9,
Jeff,George,QB,IND,1990,13,181,334,2152,16,4.8,6.4,13,
Rick,Mirer,QB,SEA,1994,13,195,381,2151,11,2.9,5.6,7,
Marc,Wilson,QB,OAK,1984,16,153,282,2151,15,5.3,7.6,17,
Craig,Morton,QB,DEN,1980,12,183,301,2150,12,4,7.1,13,
James,Harris,QB,RAM,1975,13,157,285,2148,14,4.9,7.5,15,
Ken,Anderson,QB,CIN,1977,14,166,323,2145,11,3.4,6.6,11,
Joe,Montana,QB,KC,1993,11,181,298,2144,13,4.4,7.2,7,
Bart,Starr,QB,GB,1964,14,163,272,2144,15,5.5,7.9,4,
Don,Meredith,QB,DAL,1964,12,158,323,2143,9,2.8,6.6,16,
Chad,Pennington,QB,NYJ,2003,10,189,297,2139,13,4.4,7.2,12,
Dave,Krieg,QB,SEA,1983,9,147,243,2139,18,7.4,8.8,11,
Jay,Fiedler,QB,MIA,2003,12,179,314,2138,11,3.5,6.8,13,
Charlie,Conerly,QB,NYG,1949,12,152,305,2138,17,5.6,7,20,
Mark,Malone,QB,PIT,1984,13,147,272,2137,16,5.9,7.9,17,
Tony,Banks,QB,BAL,1999,12,169,320,2136,17,5.3,6.7,8,
Joe,Ferguson,QB,BUF,1978,16,175,330,2136,16,4.8,6.5,15,
Chris,Miller,QB,ATL,1988,13,184,351,2133,11,3.1,6.1,12,
Jim,McMahon,QB,SD,1989,12,176,318,2132,10,3.1,6.7,10,
Dave,Krieg,QB,SEA,1987,12,178,294,2131,23,7.8,7.2,15,
Jack,Concannon,QB,CHI,1970,14,194,385,2130,16,4.2,5.5,18,
Rob,Johnson,QB,BUF,2000,12,175,306,2125,12,3.9,6.9,7,
Jeff,Blake,QB,CIN,1997,11,184,317,2125,8,2.5,6.7,7,
Kerry,Collins,QB,CAR,1997,13,200,381,2124,11,2.9,5.6,21,
Byron,Leftwich,QB,JAX,2005,11,175,302,2123,15,5,7,5,
Y.A.,Tittle,QB,SF,1953,11,149,259,2121,20,7.7,8.2,16,
Don,Majkowski,QB,GB,1988,13,178,336,2119,9,2.7,6.3,11,
Bobby,Hebert,QB,NO,1987,12,164,294,2119,15,5.1,7.2,9,
Gus,Frerotte,QB,DET,1999,9,175,288,2117,9,3.1,7.4,7,
Brian,Sipe,QB,CLE,1976,14,178,312,2113,17,5.4,6.8,14,
Fran,Tarkenton,QB,MIN,1973,14,169,274,2113,15,5.5,7.7,7,
Jake,Plummer,QB,ARI,1999,12,201,381,2111,9,2.4,5.5,24,
Len,Dawson,QB,KC,1968,14,131,224,2109,17,7.6,9.4,9,
Drew,Brees,QB,SD,2003,11,205,356,2108,11,3.1,5.9,15,
Bill,Kenney,QB,KC,1987,11,154,273,2107,15,5.5,7.7,9,
Ken,Anderson,QB,CIN,1984,11,175,275,2107,10,3.6,7.7,12,
Wade,Wilson,QB,MIN,1987,12,140,264,2106,14,5.3,8,13,
Norm,Van Brocklin,QB,RAM,1957,12,132,265,2105,20,7.5,7.9,21, 
Chris,Miller,QB,STL,1994,13,173,317,2104,16,5,6.6,14,
Tom,Flores,QB,OAK,1963,14,113,247,2101,20,8.1,8.5,13,
Chris,Chandler,QB,TEN,1996,12,184,320,2099,16,5,6.6,11,
Bill,Kenney,QB,KC,1984,9,151,282,2098,15,5.3,7.4,10,
Bob,Griese,QB,MIA,1976,13,162,272,2097,11,4,7.7,12,
Joe,Pisarcik,QB,NYG,1978,15,143,301,2096,12,4,7,23,
John,Hadl,QB,GB,1975,14,191,353,2095,6,1.7,5.9,21,
David,Whitehurst,QB,GB,1978,16,168,328,2093,10,3,6.4,17,
Otto,Graham,QB,CLE,1954,12,142,240,2092,11,4.6,8.7,17,
Dan,Pastorini,QB,HOU,1979,15,163,324,2090,14,4.3,6.5,18,
Bob,Griese,QB,MIA,1971,14,145,263,2089,19,7.2,7.9,9,
Bobby,Layne,QB,DET,1953,12,125,273,2088,16,5.9,7.6,21,
Jeff,Blake,QB,BAL,2002,11,165,295,2084,13,4.4,7.1,11,
Dave,Krieg,QB,SEA,1991,10,187,285,2080,11,3.9,7.3,12,
Danny,White,QB,DAL,1982,9,156,247,2079,16,6.5,8.4,12,
Steve,Walsh,QB,CHI,1994,12,208,343,2078,10,2.9,6.1,8,
Ron,Jaworski,QB,PHI,1982,9,167,286,2076,12,4.2,7.3,12,
Doug,Williams,QB,TB,1982,9,164,307,2071,9,2.9,6.7,11,
Mark,Rypien,QB,WAS,1990,10,166,304,2070,16,5.3,6.8,11,
Marc,Wilson,QB,OAK,1987,15,152,266,2070,12,4.5,7.8,8,
Greg,Landry,QB,DET,1972,14,134,268,2066,18,6.7,7.7,17,
Derek,Anderson,QB,ARI,2010,12,169,327,2065,7,2.1,6.3,10,
Jim,Everett,QB,STL,1987,11,162,302,2064,10,3.3,6.8,13,
Trent,Green,QB,STL,2000,8,145,240,2063,16,6.7,8.6,5,
Norm,Van Brocklin,QB,RAM,1950,12,127,233,2061,18,7.7,8.8,14, 
Jim,Harbaugh,QB,IND,1997,12,189,309,2060,10,3.2,6.7,4,
Billy,Kilmer,QB,NO,1968,12,167,315,2060,15,4.8,6.5,17,
Jim,Hart,QB,STL,1968,13,140,316,2059,15,4.7,6.5,18,
Mike,Tomczak,QB,CHI,1989,16,156,306,2058,16,5.2,6.7,16,
Alex,Van Pelt,QB,BUF,2001,12,178,307,2056,12,3.9,6.7,11, 
Terry,Bradshaw,QB,PIT,1975,14,165,286,2055,18,6.3,7.2,9,
Bart,Starr,QB,GB,1965,14,140,251,2055,16,6.4,8.2,9,
Kurt,Warner,QB,NYG,2004,10,174,277,2054,6,2.2,7.4,4,
Dan,Pastorini,QB,HOU,1975,14,163,342,2053,14,4.1,6,16,
Shaun,Hill,QB,SF,2008,9,181,288,2046,13,4.5,7.1,8,
Vince,Evans,QB,CHI,1980,13,148,278,2039,11,4,7.3,16,
Tommy,Kramer,QB,MIN,1982,9,176,308,2037,15,4.9,6.6,12,
Chris,Simms,QB,TB,2005,11,191,313,2035,10,3.2,6.5,7,
Jim,Plunkett,QB,RAI,1982,9,152,261,2035,14,5.4,7.8,15,
Joe,Theismann,QB,WAS,1982,9,161,252,2033,13,5.2,8.1,9,
Jeff,Hostetler,QB,NYG,1991,12,179,285,2032,5,1.8,7.1,4,
Phil,Simms,QB,NYG,1981,10,172,316,2031,11,3.5,6.4,9,
Roman,Gabriel,QB,RAM,1972,14,165,323,2027,12,3.7,6.3,15,
Frank,Ryan,QB,CLE,1967,13,136,280,2026,20,7.1,7.2,16,
Frank,Ryan,QB,CLE,1963,13,135,256,2026,25,9.8,7.9,13,
Jeff,Blake,QB,NO,2000,11,184,302,2025,13,4.3,6.7,9,
Jay,Fiedler,QB,MIA,2002,11,179,292,2024,14,4.8,6.9,9,
Matt,Hasselbeck,QB,SEA,2001,13,176,321,2023,7,2.2,6.3,8,
Joey,Harrington,QB,DET,2005,12,188,330,2021,12,3.6,6.1,12,
Jeff,Kemp,QB,STL,1984,14,143,284,2021,13,4.6,7.1,7,
Cecil,Isbell,QB,GB,1942,11,146,268,2021,24,9,7.5,14,
Bob,Griese,QB,MIA,1970,14,142,245,2019,12,4.9,8.2,17,
Scott,Brunner,QB,NYG,1982,9,161,298,2017,10,3.4,6.8,9,
Jake,Delhomme,QB,CAR,2009,11,178,321,2015,8,2.5,6.3,18,
David,Carr,QB,HOU,2003,12,167,295,2013,9,3.1,6.8,13,
John,Brodie,QB,SF,1967,14,168,349,2013,11,3.2,5.8,16,
Steve,Walsh,QB,DAL,1990,13,179,336,2010,12,3.6,6,13,
John,Hadl,QB,RAM,1973,14,135,258,2008,22,8.5,7.8,11,
David,Archer,QB,ATL,1986,11,150,294,2007,10,3.4,6.8,9,
Johnny,Unitas,QB,BAL,1958,10,136,263,2007,19,7.2,7.6,7,
Bob,Berry,QB,ATL,1971,11,136,226,2005,11,4.9,8.9,16,
Bob,Griese,QB,MIA,1967,12,166,331,2005,15,4.5,6.1,18,
Bob,Avellini,QB,CHI,1977,14,154,293,2004,11,3.8,6.8,18,
Jim,Finks,QB,PIT,1954,12,164,306,2003,14,4.6,6.5,19,
Jim,Harbaugh,QB,CHI,1993,15,200,325,2002,7,2.2,6.2,11,
Matt,Robinson,QB,NYJ,1978,16,124,266,2002,13,4.9,7.5,16,
Billy,Wade,QB,RAM,1959,12,153,261,2001,12,4.6,7.7,17,
Bobby,Layne,QB,DET,1952,12,139,287,1999,19,6.6,7,20,
Jeff,Hostetler,QB,OAK,1995,11,172,286,1998,12,4.2,7,9,
Steve,DeBerg,QB,SF,1980,11,186,321,1998,12,3.7,6.2,17,
Daryle,Lamonica,QB,OAK,1972,14,149,281,1998,18,6.4,7.1,12,
Ken,Stabler,QB,OAK,1973,14,163,260,1997,14,5.4,7.7,10,
Fran,Tarkenton,QB,MIN,1961,14,157,280,1997,18,6.4,7.1,17,
Jake,Plummer,QB,DEN,2006,16,175,317,1994,11,3.5,6.3,13,
Vinny,Testaverde,QB,TB,1991,13,166,326,1994,8,2.5,6.1,15,
Mike,Phipps,QB,CLE,1972,14,144,305,1994,13,4.3,6.5,16,
David,Archer,QB,ARI,1985,16,161,312,1992,7,2.2,6.4,17,
Milt,Plum,QB,CLE,1959,12,156,266,1992,14,5.3,7.5,8,
Peyton,Manning,QB,DEN,2013,16,450,659,5477,55,8.3,9.3,10,
Matt,Ryan,QB,ATL,2013,16,439,651,4515,26,4,6.6,17,
Drew,Brees,QB,NO,2013,16,446,650,5162,39,6,8.3,12,
Matthew,Stafford,QB,DET,2013,16,371,634,4650,29,4.6,6.9,19,
Tom,Brady,QB,NE,2013,16,380,628,4343,25,4,6.9,11,
Joe,Flacco,QB,BAL,2013,16,362,614,3912,19,3.1,5.4,22,
Ryan,Tannehill,QB,MIA,2013,16,355,588,3913,24,4.1,6.2,17,
Andy,Dalton,QB,CIN,2013,16,363,586,4293,33,5.6,6.9,20,
Ben,Roethlisberger,QB,PIT,2013,16,375,584,4261,28,4.8,7.2,14,
Carson,Palmer,QB,ARI,2013,16,362,572,4274,24,4.2,6.6,22,
Andrew,Luck,QB,IND,2013,16,343,570,3822,23,4,6.8,9,
Eli,Manning,QB,NYG,2013,16,317,551,3818,18,3.3,5.4,27,
Philip,Rivers,QB,SD,2013,16,378,544,4478,32,5.9,8.5,11,
Tony,Romo,QB,DAL,2013,15,342,535,3828,31,5.8,7.5,10,
Alex,Smith,QB,KAN,2013,15,308,508,3313,23,4.5,6.8,7,
Chad,Henne,QB,JAX,2013,15,305,503,3241,13,2.6,5.7,14,
Cam,Newton,QB,CAR,2013,16,292,473,3379,24,5.1,6.9,13,
Robert,Griffin III,QB,WAS,2013,13,274,456,3203,16,3.5,6.5,12,
Geno,Smith,QB,NYJ,2013,16,247,443,3046,12,2.7,5.3,21,
Mike,Glennon,QB,TB,2013,13,247,416,2608,19,4.6,6.2,9,
Colin,Kaepernick,QB,SF,2013,16,243,416,3197,21,5,7.8,8,
Russell,Wilson,QB,SEA,2013,16,257,407,3357,26,6.4,8.5,9,
Matt,Schaub,QB,HOU,2013,10,219,358,2310,10,2.8,5.3,14,
Jay,Cutler,QB,CHI,2013,11,224,355,2621,19,5.4,6.9,12,
Ryan,Fitzpatrick,QB,TEN,2013,11,217,350,2454,14,4,6.3,12,
Jason,Campbell,QB,CLE,2013,9,180,317,2015,11,3.5,5.9,8,
Nick,Foles,QB,PHI,2013,13,203,317,2891,27,8.5,10.5,2,
EJ,Manuel,QB,BUF,2013,10,180,306,1972,11,3.6,5.8,9,
Aaron,Rodgers,QB,GB,2013,9,193,290,2536,17,5.9,9,6,
Terrelle,Pryor,QB,OAK,2013,11,156,272,1798,7,2.6,5.3,11,
Brandon,Weeden,QB,CLE,2013,8,141,267,1731,9,3.4,5.6,9,
Sam,Bradford,QB,STL,2013,7,159,262,1687,14,5.3,6.8,4,
Matt,Cassel,QB,MIN,2013,9,153,254,1807,11,4.3,6.4,9,
Case,Keenum,QB,HOU,2013,8,137,253,1760,9,3.6,6.6,6,
Kellen,Clemens,QB,STL,2013,10,142,242,1673,8,3.3,6.3,7,
Christian,Ponder,QB,MIN,2013,9,152,239,1648,7,2.9,5.8,9,
Josh,McCown,QB,CHI,2013,8,149,224,1829,13,5.8,9.1,1,
Matt,McGloin,QB,OAK,2013,7,118,211,1547,8,3.8,6.4,8,
Matt,Flynn,QB,3TM,2013,9,124,200,1392,8,4,6.6,5,
Jake,Locker,QB,TEN,2013,7,111,183,1256,8,4.4,6.8,4,
Thaddeus,Lewis,QB,BUF,2013,6,93,157,1092,4,2.5,6.6,3,
Kirk,Cousins,QB,WAS,2013,5,81,155,854,4,2.6,4,7,
Josh,Freeman,QB,2TM,2013,4,63,147,761,2,1.4,4.2,4,
Michael,Vick,QB,PHI,2013,7,77,141,1215,5,3.5,8.4,3,
Brian,Hoyer,QB,CLE,2013,3,57,96,615,5,5.2,6,3,
Scott,Tolzien,QB,GB,2013,3,55,90,717,1,1.1,5.7,5,
Blaine,Gabbert,QB,JAX,2013,3,42,86,481,1,1.2,2.2,7,
Jeff,Tuel,QB,BUF,2013,2,26,59,309,1,1.7,3.3,3,
Kyle,Orton,QB,DAL,2013,3,33,51,398,2,3.9,6.8,2,
Matt,Barkley,QB,PHI,2013,3,30,49,300,0,0,2.4,4,
Chase,Daniel,QB,KAN,2013,5,25,38,248,1,2.6,5.9,1,
Matt,Simms,QB,NYJ,2013,3,16,31,156,1,3.2,4.2,1,
Seneca,Wallace,QB,GB,2013,2,16,24,139,0,0,3.9,1,
T.J.,Yates,QB,HOU,2013,3,15,22,113,0,0,1,2,
Brock,Osweiler,QB,DEN,2013,4,11,16,95,0,0,5.9,0,
Curtis,Painter,QB,NYG,2013,3,8,16,57,0,0,-2.1,2,
Tarvaris,Jackson,QB,SEA,2013,3,10,13,151,1,7.7,13.2,0,
Matt,Hasselbeck,QB,IND,2013,3,7,12,130,0,0,7.1,1,
Matt,Moore,QB,MIA,2013,1,2,6,53,0,0,-6.2,2,
Tyrod,Taylor,QB,BAL,2013,3,1,5,2,0,0,-8.6,1,
Luke,McCown,QB,NO,2013,16,0,1,0,0,0,0,0,
Colt,McCoy,QB,SF,2013,4,1,1,13,0,0,13,0,
Drew,Brees,QB,NO,2014,16,456,659,4952,33,5,7.4,17,
Matt,Ryan,QB,ATL,2014,16,415,628,4694,28,4.5,7.4,14,
Andrew,Luck,QB,IND,2014,16,380,616,4761,40,6.5,7.9,16,
Ben,Roethlisberger,QB,PIT,2014,16,408,608,4952,32,5.3,8.5,9,
Matthew,Stafford,QB,DET,2014,16,363,602,4257,22,3.7,6.9,12,
Eli,Manning,QB,NYG,2014,16,379,601,4410,30,5,7.3,14,
Derek,Carr,QB,OAK,2014,16,348,599,3270,21,3.5,5.3,12,
Peyton,Manning,QB,DEN,2014,16,395,597,4727,39,6.5,8.1,15,
Ryan,Tannehill,QB,MIA,2014,16,392,590,4045,27,4.6,6.9,12,
Tom,Brady,QB,NE,2014,16,373,582,4109,33,5.7,7.5,9,
Philip,Rivers,QB,SD,2014,16,379,570,4286,31,5.4,7.2,18,
Jay,Cutler,QB,CHI,2014,15,370,561,3812,28,5,6.3,18,
Joe,Flacco,QB,BAL,2014,16,344,554,3986,27,4.9,7.2,12,
Aaron,Rodgers,QB,GB,2014,16,341,520,4381,38,7.3,9.5,5,
Andy,Dalton,QB,CIN,2014,16,309,481,3398,19,4,6.3,17,
Colin,Kaepernick,QB,SF,2014,16,289,478,3369,19,4,6.9,10,
Blake,Bortles,QB,JAX,2014,14,280,475,2908,11,2.3,5,17,
Alex,Smith,QB,KAN,2014,15,303,464,3265,18,3.9,7.2,6,
Russell,Wilson,QB,SEA,2014,16,285,452,3475,20,4.4,7.9,7,
Cam,Newton,QB,CAR,2014,14,262,448,3127,18,4,6.6,12,
Kyle,Orton,QB,BUF,2014,12,287,447,3018,18,4,6.6,10,
Brian,Hoyer,QB,CLE,2014,14,242,438,3326,12,2.7,6.8,13,
Tony,Romo,QB,DAL,2014,15,304,435,3705,34,7.8,9.1,9,
Teddy,Bridgewater,QB,MIN,2014,13,259,402,2919,14,3.5,6.6,12,
Geno,Smith,QB,NYJ,2014,14,219,367,2525,13,3.5,6,13,
Josh,McCown,QB,TB,2014,11,184,327,2206,11,3.4,5.5,14,
Ryan,Fitzpatrick,QB,HOU,2014,12,197,312,2483,17,5.4,7.9,8,
Nick,Foles,QB,PHI,2014,8,186,311,2163,13,4.2,6.3,10,
Mark,Sanchez,QB,PHI,2014,9,198,309,2418,14,4.5,7.1,11,
Austin,Davis,QB,STL,2014,10,180,284,2001,12,4.2,6.5,9,
Drew,Stanton,QB,ARI,2014,9,132,240,1711,7,2.9,6.8,5,
Shaun,Hill,QB,STL,2014,9,145,229,1657,8,3.5,6.6,7,
Carson,Palmer,QB,ARI,2014,6,141,224,1626,11,4.9,7.6,3,
Robert,Griffin III,QB,WAS,2014,9,147,214,1694,4,1.9,7,6,
Kirk,Cousins,QB,WAS,2014,6,126,204,1710,10,4.9,7.4,9,
Mike,Glennon,QB,TB,2014,6,117,203,1417,10,4.9,6.6,6,
Charlie,Whitehurst,QB,TEN,2014,7,105,185,1326,7,3.8,7.4,2,
Zach,Mettenberger,QB,TEN,2014,7,107,179,1412,8,4.5,7,7,
Jake,Locker,QB,TEN,2014,7,86,146,993,5,3.4,5.3,7,
EJ,Manuel,QB,BUF,2014,5,76,131,838,5,3.8,6.1,3,
Colt,McCoy,QB,WAS,2014,5,91,128,1057,4,3.1,7.8,3,
Michael,Vick,QB,NYJ,2014,10,64,121,604,3,2.5,4.7,2,
Derek,Anderson,QB,CAR,2014,6,65,97,701,5,5.2,8.3,0,
Ryan,Lindley,QB,2TM,2014,3,45,93,562,2,2.2,4.5,4,
Chad,Henne,QB,JAX,2014,3,42,78,492,3,3.8,6.5,1,
Case,Keenum,QB,2TM,2014,2,45,77,435,2,2.6,5,2,
Ryan,Mallett,QB,HOU,2014,3,41,75,400,2,2.7,4.7,2,
Matt,Cassel,QB,MIN,2014,3,41,71,425,3,4.2,4.3,4,
Jimmy,Clausen,QB,CHI,2014,4,26,48,223,2,4.2,4.5,1,
Matt,Hasselbeck,QB,IND,2014,4,30,44,301,2,4.5,7.8,0,
Christian,Ponder,QB,MIN,2014,2,22,44,222,0,0,3,2,
Brandon,Weeden,QB,DAL,2014,5,24,41,303,3,7.3,6.7,2,
Johnny,Manziel,QB,CLE,2014,5,18,35,175,0,0,2.4,2,
Chase,Daniel,QB,KAN,2014,3,16,28,157,0,0,5.6,0,
Connor,Shaw,QB,CLE,2014,1,14,28,177,0,0,4.7,1,
Jimmy,Garoppolo,QB,NE,2014,6,19,27,182,1,3.7,7.5,0,
Jason,Campbell,QB,CIN,2014,4,11,19,74,0,0,3.9,0,
Matt,McGloin,QB,OAK,2014,1,12,19,129,1,5.3,3.1,2,
Tom,Savage,QB,HOU,2014,2,10,19,127,0,0,4.3,1,
Matt,Flynn,QB,GB,2014,7,8,16,66,0,0,1.3,1,
Brock,Osweiler,QB,DEN,2014,4,4,10,52,1,10,7.2,0,
Matt,Schaub,QB,OAK,2014,11,5,10,57,0,0,-3.3,2,
Logan,Thomas,QB,ARI,2014,2,1,9,81,1,11.1,11.2,0,
Matt,Simms,QB,NYJ,2014,1,3,8,39,0,0,4.9,0,
Blaine,Gabbert,QB,SF,2014,1,3,7,38,1,14.3,8.3,0,
Ryan,Nassib,QB,NYG,2014,4,4,5,60,0,0,12,0,
Matt,Moore,QB,MIA,2014,2,2,4,21,0,0,5.3,0,
T.J.,Yates,QB,ATL,2014,1,3,4,64,0,0,4.8,1,
Kellen,Clemens,QB,SD,2014,2,1,3,10,0,0,3.3,0,
Jordan,Palmer,QB,TEN,2014,1,1,3,7,0,0,2.3,0,
Matt,Barkley,QB,PHI,2014,1,0,1,0,0,0,0,0,
Tarvaris,Jackson,QB,SEA,2014,1,1,1,0,0,0,0,0,
Philip,Rivers,QB,SD,2015,16,437,661,4792,29,4.4,7.2,13,
Drew,Brees,QB,NO,2015,15,428,627,4870,32,5.1,8,11,
Tom,Brady,QB,NE,2015,16,402,624,4770,36,5.8,8.3,7,
Eli,Manning,QB,NYG,2015,16,387,618,4436,35,5.7,7.3,14,
Matt,Ryan,QB,ATL,2015,16,407,614,4591,21,3.4,7,16,
Blake,Bortles,QB,JAX,2015,16,355,606,4428,35,5.8,7.1,18,
Matthew,Stafford,QB,DET,2015,16,398,592,4262,32,5.4,7.3,13,
Ryan,Tannehill,QB,MIA,2015,16,363,586,4208,24,4.1,7.1,12,
Derek,Carr,QB,OAK,2015,16,350,573,3987,32,5.6,7.1,13,
Aaron,Rodgers,QB,GB,2015,16,347,572,3821,31,5.4,7.1,8,
Ryan,Fitzpatrick,QB,NYJ,2015,16,335,562,3905,31,5.5,6.9,15,
Kirk,Cousins,QB,WAS,2015,16,379,543,4166,29,5.3,7.8,11,
Carson,Palmer,QB,ARI,2015,16,342,537,4671,35,6.5,9.1,11,
Jameis,Winston,QB,TB,2015,16,312,535,4042,22,4.1,7.1,15,
Sam,Bradford,QB,PHI,2015,14,346,532,3725,19,3.6,6.5,14,
Cam,Newton,QB,CAR,2015,16,296,496,3837,35,7.1,8.2,10,
Jay,Cutler,QB,CHI,2015,15,311,483,3659,21,4.3,7.4,11,
Russell,Wilson,QB,SEA,2015,16,329,483,4024,34,7,9,8,
Alex,Smith,QB,KAN,2015,16,307,470,3486,20,4.3,7.6,7,
Ben,Roethlisberger,QB,PIT,2015,12,319,469,3938,21,4.5,7.8,16,
Teddy,Bridgewater,QB,MIN,2015,16,292,447,3231,14,3.1,6.9,9,
Joe,Flacco,QB,BAL,2015,10,266,413,2791,14,3.4,6.1,12,
Andy,Dalton,QB,CIN,2015,13,255,386,3250,25,6.5,8.9,7,
Tyrod,Taylor,QB,BUF,2015,14,242,380,3035,20,5.3,8.3,6,
Marcus,Mariota,QB,TEN,2015,12,230,370,2818,19,5.1,7.4,10,
Brian,Hoyer,QB,HOU,2015,11,224,369,2606,19,5.1,7.2,7,
Nick,Foles,QB,STL,2015,11,190,337,2052,7,2.1,5.2,10,
Peyton,Manning,QB,DEN,2015,10,198,331,2249,9,2.7,5,17,
Andrew,Luck,QB,IND,2015,7,162,293,1881,15,5.1,5.6,12,
Josh,McCown,QB,CLE,2015,8,186,292,2109,12,4.1,7.4,4,
Blaine,Gabbert,QB,SF,2015,8,178,282,2031,10,3.5,6.8,7,
Brock,Osweiler,QB,DEN,2015,8,170,275,1967,10,3.6,6.9,6,
Matt,Hasselbeck,QB,IND,2015,8,156,256,1690,9,3.5,6.4,5,
Colin,Kaepernick,QB,SF,2015,9,144,244,1615,6,2.5,6.2,5,
Ryan,Mallett,QB,2TM,2015,8,136,244,1336,5,2,4.8,6,
Johnny,Manziel,QB,CLE,2015,10,129,223,1500,7,3.1,6.3,5,
Matt,Cassel,QB,2TM,2015,10,119,205,1276,5,2.4,5.2,7,
Zach,Mettenberger,QB,TEN,2015,7,101,166,935,4,2.4,4.2,7,
Brandon,Weeden,QB,2TM,2015,6,97,140,1044,5,3.6,7.5,2,
Jimmy,Clausen,QB,2TM,2015,5,72,125,739,2,1.6,4.8,4,
Case,Keenum,QB,SEA,2015,6,76,125,828,4,3.2,6.9,1,
Tony,Romo,QB,DAL,2015,4,83,121,884,5,4.1,5.5,7,
A.J.,McCarron,QB,CIN,2015,7,79,119,854,6,5,7.4,2,
Kellen,Moore,QB,DAL,2015,3,61,104,779,4,3.8,5.7,6,
Austin,Davis,QB,CLE,2015,3,56,94,547,1,1.1,4.6,3,
Mark,Sanchez,QB,PHI,2015,4,59,91,616,4,4.4,5.7,4,
EJ,Manuel,QB,BUF,2015,7,52,84,561,3,3.6,5.8,3,
Matt,Schaub,QB,BAL,2015,2,52,80,540,3,3.8,5.3,4,
Michael,Vick,QB,PIT,2015,5,40,66,371,2,3,5.5,1,
T.J.,Yates,QB,HOU,2015,4,28,57,370,3,5.3,6.8,1,
Landry,Jones,QB,PIT,2015,7,32,55,513,3,5.5,7.1,4,
Geno,Smith,QB,NYJ,2015,1,27,42,265,2,4.8,6.2,1,
Dan,Orlovsky,QB,DET,2015,3,22,40,201,1,2.5,4.4,1,
Luke,McCown,QB,NO,2015,8,32,39,335,0,0,7.4,1,
Matt,McGloin,QB,OAK,2015,2,23,32,142,2,6.3,4.3,1,
Charlie,Whitehurst,QB,2TM,2015,5,16,32,150,0,0,3.3,1,
Josh,Freeman,QB,IND,2015,1,15,28,149,1,3.6,4.4,1,
Drew,Stanton,QB,ARI,2015,7,11,25,104,0,0,0.6,2,
Alex,Tanney,QB,TEN,2015,1,10,14,99,1,7.1,8.5,0,
Colt,McCoy,QB,WAS,2015,1,7,11,128,1,9.1,13.5,0,
Ryan,Lindley,QB,IND,2015,1,6,10,58,1,10,7.8,0,
Shaun,Hill,QB,MIN,2015,3,2,7,15,0,0,2.1,0,
Sean,Mannion,QB,STL,2015,1,6,7,31,0,0,4.4,0,
Sean,Renfree,QB,ATL,2015,2,3,7,11,0,0,-4.9,1,
Derek,Anderson,QB,CAR,2015,3,4,6,36,0,0,6,0,
Kellen,Clemens,QB,SD,2015,2,5,6,63,1,16.7,10.5,0,
Tarvaris,Jackson,QB,SEA,2015,4,4,6,37,0,0,6.2,0,
Ryan,Nassib,QB,NYG,2015,1,5,5,68,1,20,13.6,0,
Jimmy,Garoppolo,QB,NE,2015,5,1,4,6,0,0,1.5,0,
Chase,Daniel,QB,KAN,2015,2,2,2,4,0,0,2,0,
B.J.,Daniels,QB,2TM,2015,8,1,2,7,0,0,3.5,0,
Matt,Moore,QB,MIA,2015,1,1,1,14,0,0,14,0,
Scott,Tolzien,QB,GB,2015,3,1,1,4,0,0,4,0,